Sensor,Model,Validation MAE,Validation RMSE,Validation R2,Test MAE,Test RMSE,Test R2
Sentinel-1,Mean Baseline,0.005596791440793309,0.019364611252663023,-0.00015124880938843788,0.0062902105227360654,0.028363726852621046,-0.0038775380528792702
Sentinel-1,Zero-Change Baseline,0.005619550446436719,0.019370523146980425,-0.0007620218299082548,0.0062964207539101735,0.028383688204379552,-0.005291019717941214
Sentinel-1,Tuned HGB,0.005668378023526025,0.019624799086034327,-0.027208381258583936,0.006514442316894862,0.028077917279012533,0.016251850188960026
Sentinel-1,HistGradientBoosting,0.00575359296457228,0.01932410332929093,0.0040287137932338846,0.006576311594460741,0.027549353482239525,0.05294114075904288
Sentinel-1,ExtraTrees,0.005795742485620279,0.01988344802705382,-0.054463406081714405,0.0064710922688492,0.0279512079658482,0.025110683438980486
Sentinel-1,Random Forest,0.005914948430321869,0.019250453109667526,0.011606164204576608,0.006712660702586325,0.028176841642715195,0.00930773875445845
Sentinel-1,Ridge,0.006500427017774114,0.020644035484601166,-0.13667762080850032,0.006710284723413021,0.027212445683231192,0.07596313393214138
Sentinel-2,Zero-Change Baseline,0.004965491981494469,0.016706622875858994,-0.0029922612697539375,0.004552193396322808,0.013858370829060352,-0.02862672820580614
Sentinel-2,Mean Baseline,0.004989064103610542,0.016696506125375214,-0.001777898530093136,0.004506697968630463,0.013825021049665192,-0.023681962545822444
Sentinel-2,Tuned HGB,0.005000382199876972,0.016669070814705755,0.0015115929425149055,0.004500583329434264,0.013493616036166051,0.024807966821876026
Sentinel-2,HistGradientBoosting,0.005023134856872001,0.016758995667485756,-0.009290582744711617,0.004528957754399015,0.013560931747743954,0.015053800230281356
Sentinel-2,Ridge,0.005225214599305181,0.016753587557376014,-0.008639293847706453,0.004881677240261953,0.01430241233731635,-0.0956000355583102
Sentinel-2,Random Forest,0.00522820446062315,0.017666123676779423,-0.12150903513333633,0.004981119180630104,0.015296356500279953,-0.25316842033470177
Sentinel-2,ExtraTrees,0.005244195390298842,0.017377770156055752,-0.08519639229779696,0.004985228203340491,0.014237403814799925,-0.08566304412493597
