Sensor,Model,Split,Size Tier,N,MAE,RMSE
Sentinel-1,Mean Baseline,Validation,Small,682,0.0028565693448690324,0.01088348251646113
Sentinel-1,Mean Baseline,Validation,Medium,671,0.003267006669072413,0.006583789753298447
Sentinel-1,Mean Baseline,Validation,Large,673,0.010696519600147067,0.031074316343510308
Sentinel-1,Zero-Change Baseline,Validation,Small,682,0.002899113975537928,0.010916687600319165
Sentinel-1,Zero-Change Baseline,Validation,Medium,671,0.003262494659443153,0.006601167212851823
Sentinel-1,Zero-Change Baseline,Validation,Large,673,0.010726418360590744,0.031069929435444527
Sentinel-1,Ridge,Validation,Small,682,0.0034788196829373145,0.011484839671605122
Sentinel-1,Ridge,Validation,Medium,671,0.003753279292614501,0.006907072170338557
Sentinel-1,Ridge,Validation,Large,673,0.01230142601620026,0.03319231863750733
Sentinel-1,Random Forest,Validation,Small,682,0.002894532946262663,0.011586800047449407
Sentinel-1,Random Forest,Validation,Medium,671,0.003240252442677926,0.00653069922795837
Sentinel-1,Random Forest,Validation,Large,673,0.011642503211655397,0.030610810392623276
Sentinel-1,HistGradientBoosting,Validation,Small,682,0.002875832872382761,0.012201527738800936
Sentinel-1,HistGradientBoosting,Validation,Medium,671,0.003279337899578647,0.006734055819675204
Sentinel-1,HistGradientBoosting,Validation,Large,673,0.011136739370937775,0.03046417529350843
Sentinel-1,ExtraTrees,Validation,Small,682,0.0028086172629335523,0.010399686273314475
Sentinel-1,ExtraTrees,Validation,Medium,671,0.0033006619327363216,0.006120555620305256
Sentinel-1,ExtraTrees,Validation,Large,673,0.011310480157028131,0.03229886933801113
Sentinel-1,Tuned HGB,Validation,Small,682,0.0029174560983339154,0.011586053915586383
Sentinel-1,Tuned HGB,Validation,Medium,671,0.0032888293307011935,0.006707619901529494
Sentinel-1,Tuned HGB,Validation,Large,673,0.010828565134768939,0.03128120539767624
Sentinel-1,Mean Baseline,Test,Small,674,0.0029150402169995752,0.008379651816485662
Sentinel-1,Mean Baseline,Test,Medium,702,0.0035493898841471847,0.006949019986515278
Sentinel-1,Mean Baseline,Test,Large,679,0.012474188246382295,0.04811656580764943
Sentinel-1,Zero-Change Baseline,Test,Small,674,0.0029451498677485637,0.008426009337073772
Sentinel-1,Zero-Change Baseline,Test,Medium,702,0.003524303369449458,0.006956848932898625
Sentinel-1,Zero-Change Baseline,Test,Large,679,0.012489031919100672,0.048142977799271944
Sentinel-1,Ridge,Test,Small,674,0.00319693182715644,0.008316620997120088
Sentinel-1,Ridge,Test,Medium,702,0.0038967518918825114,0.006816886358925701
Sentinel-1,Ridge,Test,Large,679,0.013106602690734603,0.046092098044357
Sentinel-1,Random Forest,Test,Small,674,0.002876066951823177,0.008346318932808914
Sentinel-1,Random Forest,Test,Medium,702,0.0034886141353627567,0.006658201102317171
Sentinel-1,Random Forest,Test,Large,679,0.013854258461357022,0.04783167049339558
Sentinel-1,HistGradientBoosting,Test,Small,674,0.0028868461055642203,0.008130206185538488
Sentinel-1,HistGradientBoosting,Test,Medium,702,0.003505944378469001,0.0068083406823124465
Sentinel-1,HistGradientBoosting,Test,Large,679,0.013412979525451105,0.046727757951041525
Sentinel-1,ExtraTrees,Test,Small,674,0.0027923060638866686,0.007572974884228173
Sentinel-1,ExtraTrees,Test,Medium,702,0.0034466274490320293,0.006226184878716508
Sentinel-1,ExtraTrees,Test,Large,679,0.013249702291907226,0.04761843222039124
Sentinel-1,Tuned HGB,Test,Small,674,0.002941335588228328,0.008420167207329785
Sentinel-1,Tuned HGB,Test,Medium,702,0.0035458177352893023,0.007095821758599099
Sentinel-1,Tuned HGB,Test,Large,679,0.01313041932927829,0.04757703532711808
Sentinel-2,Mean Baseline,Validation,Small,738,0.002985531366457927,0.009994072950527474
Sentinel-2,Mean Baseline,Validation,Medium,749,0.003493431016956136,0.015481796068505195
Sentinel-2,Mean Baseline,Validation,Large,758,0.008417608090316055,0.02217133844762548
Sentinel-2,Zero-Change Baseline,Validation,Small,738,0.002964578886005415,0.010018011280464596
Sentinel-2,Zero-Change Baseline,Validation,Medium,749,0.0034614755191762726,0.015481548668483293
Sentinel-2,Zero-Change Baseline,Validation,Large,758,0.008399769283271843,0.022183558476051315
Sentinel-2,Ridge,Validation,Small,738,0.0032259856208356075,0.010049646913682684
Sentinel-2,Ridge,Validation,Medium,749,0.0037559204203203985,0.015568932351824267
Sentinel-2,Ridge,Validation,Large,758,0.00862354220638981,0.022214078823265045
Sentinel-2,Random Forest,Validation,Small,738,0.0029630568782710843,0.009224290577186565
Sentinel-2,Random Forest,Validation,Medium,749,0.0034728430477723032,0.01564117377712185
Sentinel-2,Random Forest,Validation,Large,758,0.009168105006798755,0.024489825569279585
Sentinel-2,HistGradientBoosting,Validation,Small,738,0.003015163556623722,0.009924961184362908
Sentinel-2,HistGradientBoosting,Validation,Medium,749,0.003505092139356625,0.015484766870541577
Sentinel-2,HistGradientBoosting,Validation,Large,758,0.008478143847640134,0.022338521322385514
Sentinel-2,ExtraTrees,Validation,Small,738,0.0029932264280332545,0.009504028975136365
Sentinel-2,ExtraTrees,Validation,Medium,749,0.003448780132516574,0.01580416563720833
Sentinel-2,ExtraTrees,Validation,Large,758,0.009209869694033567,0.023657087592904552
Sentinel-2,Tuned HGB,Validation,Small,738,0.0030390034895436484,0.00998818536543093
Sentinel-2,Tuned HGB,Validation,Medium,749,0.003508520679395195,0.015487625505514675
Sentinel-2,Tuned HGB,Validation,Large,758,0.008384157618170959,0.022108668836258824
Sentinel-2,Mean Baseline,Test,Small,896,0.0029778925454545502,0.006089784951555701
Sentinel-2,Mean Baseline,Test,Medium,819,0.002980620017064434,0.0063482748654723024
Sentinel-2,Mean Baseline,Test,Large,792,0.007814358955370608,0.022833697159100295
Sentinel-2,Zero-Change Baseline,Test,Small,896,0.003040739003237521,0.006152091859244172
Sentinel-2,Zero-Change Baseline,Test,Medium,819,0.0030091886820781512,0.0063867425206757976
Sentinel-2,Zero-Change Baseline,Test,Large,792,0.007857728746285927,0.022867676703764064
Sentinel-2,Ridge,Test,Small,896,0.003148717583508245,0.00596673310204563
Sentinel-2,Ridge,Test,Medium,819,0.003339957206579011,0.006498872148821733
Sentinel-2,Ridge,Test,Large,792,0.008436475927178177,0.023739414465608736
Sentinel-2,Random Forest,Test,Small,896,0.0028612307756371498,0.005837171956726888
Sentinel-2,Random Forest,Test,Medium,819,0.003109281647330446,0.0064597005418050215
Sentinel-2,Random Forest,Test,Large,792,0.009315026946597412,0.02566981766496786
Sentinel-2,HistGradientBoosting,Test,Small,896,0.0028799332294934337,0.006001408362630159
Sentinel-2,HistGradientBoosting,Test,Medium,819,0.003042569476148147,0.006384813073530088
Sentinel-2,HistGradientBoosting,Test,Large,792,0.007931581459200606,0.022343058176559818
Sentinel-2,ExtraTrees,Test,Small,896,0.0028106215608224706,0.005622466051712343
Sentinel-2,ExtraTrees,Test,Medium,819,0.003180729809645588,0.0062800407840082895
Sentinel-2,ExtraTrees,Test,Large,792,0.009311404637850936,0.023771671703266016
Sentinel-2,Tuned HGB,Test,Small,896,0.0029301091217530757,0.006054679442470814
Sentinel-2,Tuned HGB,Test,Medium,819,0.0030074169649421164,0.006348451412197625
Sentinel-2,Tuned HGB,Test,Large,792,0.007821351186254231,0.022208098487691518
