Sensor,Model,Split,Uncertainty Tier,N,MAE,RMSE
Sentinel-1,Mean Baseline,Validation,Low,852,0.0028954686933792485,0.010245726453127523
Sentinel-1,Mean Baseline,Validation,Medium,509,0.0033546070603194546,0.00638903186881373
Sentinel-1,Mean Baseline,Validation,High,665,0.010773932539226351,0.03125231215197888
Sentinel-1,Zero-Change Baseline,Validation,Low,852,0.0029243799632663057,0.010275593126932383
Sentinel-1,Zero-Change Baseline,Validation,Medium,509,0.0033595992005002154,0.006410938757432593
Sentinel-1,Zero-Change Baseline,Validation,High,665,0.010802408244696679,0.03124747673656896
Sentinel-1,Ridge,Validation,Low,852,0.003475669934707169,0.010746914199225976
Sentinel-1,Ridge,Validation,Medium,509,0.0038499724223046467,0.006828483974890124
Sentinel-1,Ridge,Validation,High,665,0.01240444870779967,0.03338759619651531
Sentinel-1,Random Forest,Validation,Low,852,0.0029111876221460213,0.010812523539530532
Sentinel-1,Random Forest,Validation,Medium,509,0.003358422856675087,0.006451337554742086
Sentinel-1,Random Forest,Validation,High,665,0.011720175085287334,0.030779414702373574
Sentinel-1,HistGradientBoosting,Validation,Low,852,0.0029030792206138404,0.011348617204987295
Sentinel-1,HistGradientBoosting,Validation,Medium,509,0.003381128409142368,0.006649832876495414
Sentinel-1,HistGradientBoosting,Validation,High,665,0.011221596225574407,0.030640106774830218
Sentinel-1,ExtraTrees,Validation,Low,852,0.0028496200972521622,0.009643618776989146
Sentinel-1,ExtraTrees,Validation,Medium,509,0.0034085529461159074,0.006265145695396478
Sentinel-1,ExtraTrees,Validation,High,665,0.011397510531480972,0.03248521657681657
Sentinel-1,Tuned HGB,Validation,Low,852,0.0029396205137340384,0.010845854620047913
Sentinel-1,Tuned HGB,Validation,Medium,509,0.003392758002636422,0.006555842418843835
Sentinel-1,Tuned HGB,Validation,High,665,0.010906260713714871,0.03146019420270499
Sentinel-1,Mean Baseline,Test,Low,864,0.0030068067956164073,0.007990251680690312
Sentinel-1,Mean Baseline,Test,Medium,518,0.0036040319803361935,0.007095891487791695
Sentinel-1,Mean Baseline,Test,High,673,0.012572976206531783,0.0483303095625409
Sentinel-1,Zero-Change Baseline,Test,Low,864,0.003033128120519927,0.008032738723837798
Sentinel-1,Zero-Change Baseline,Test,Medium,518,0.003563020445451148,0.007097224383506388
Sentinel-1,Zero-Change Baseline,Test,High,673,0.012589713762871465,0.048356893463958224
Sentinel-1,Ridge,Test,Low,864,0.0033184590514415526,0.007970675031489025
Sentinel-1,Ridge,Test,Medium,518,0.003925438918047789,0.006861812622581808
Sentinel-1,Ridge,Test,High,673,0.013208185923654536,0.04629644344562637
Sentinel-1,Random Forest,Test,Low,864,0.002943593593707644,0.007742084508141818
Sentinel-1,Random Forest,Test,Medium,518,0.003574108072888077,0.007125211819566237
Sentinel-1,Random Forest,Test,High,673,0.013967109802519265,0.04804420010212193
Sentinel-1,HistGradientBoosting,Test,Low,864,0.002982946810575652,0.007706923240160215
Sentinel-1,HistGradientBoosting,Test,Medium,518,0.0035454215332304585,0.007055423670680493
Sentinel-1,HistGradientBoosting,Test,High,673,0.013522326787616761,0.04693539377242403
Sentinel-1,ExtraTrees,Test,Low,864,0.0028668331325562395,0.007068471812227447
Sentinel-1,ExtraTrees,Test,Medium,518,0.003534912406892302,0.0066211846862568305
Sentinel-1,ExtraTrees,Test,High,673,0.013358196373233735,0.04783006779482189
Sentinel-1,Tuned HGB,Test,Low,864,0.0030264218472173957,0.008047001013387529
Sentinel-1,Tuned HGB,Test,Medium,518,0.0035990119385621326,0.007246260531151025
Sentinel-1,Tuned HGB,Test,High,673,0.013236348144201975,0.047788418194755655
Sentinel-2,Mean Baseline,Validation,Low,1019,0.0028834161718295647,0.008890441643378266
Sentinel-2,Mean Baseline,Validation,Medium,533,0.0040575229277752525,0.018281961044757582
Sentinel-2,Mean Baseline,Validation,High,693,0.008801714448783738,0.023017646200788333
Sentinel-2,Zero-Change Baseline,Validation,Low,1019,0.0028648137893613175,0.008909892299212107
Sentinel-2,Zero-Change Baseline,Validation,Medium,533,0.004015295930378576,0.018282633436076945
Sentinel-2,Zero-Change Baseline,Validation,High,693,0.008785182563065106,0.023029953707288414
Sentinel-2,Ridge,Validation,Low,1019,0.0031377720071018105,0.00898398600736368
Sentinel-2,Ridge,Validation,Medium,533,0.004321676320132068,0.018371143839049368
Sentinel-2,Ridge,Validation,High,693,0.008989557895487728,0.02304397553979155
Sentinel-2,Random Forest,Validation,Low,1019,0.002863729114254596,0.008262320962946733
Sentinel-2,Random Forest,Validation,Medium,533,0.004036556606495141,0.018482895316116934
Sentinel-2,Random Forest,Validation,High,693,0.009621492605211585,0.02545406660509634
Sentinel-2,HistGradientBoosting,Validation,Low,1019,0.0029058905348943167,0.008827159915490443
Sentinel-2,HistGradientBoosting,Validation,Medium,533,0.00408270686704458,0.01830013897845358
Sentinel-2,HistGradientBoosting,Validation,High,693,0.00885967177270645,0.023188830414205264
Sentinel-2,ExtraTrees,Validation,Low,1019,0.002889005394748005,0.008447041850672712
Sentinel-2,ExtraTrees,Validation,Medium,533,0.0039895903111033,0.018696874992942283
Sentinel-2,ExtraTrees,Validation,High,693,0.009672251829948951,0.02458691583240105
Sentinel-2,Tuned HGB,Validation,Low,1019,0.002926180537879773,0.00888614971491377
Sentinel-2,Tuned HGB,Validation,Medium,533,0.004072878260793655,0.018288925188401816
Sentinel-2,Tuned HGB,Validation,High,693,0.008763688250535778,0.022951315501784756
Sentinel-2,Mean Baseline,Test,Low,1195,0.0029348449119748184,0.006076507037728523
Sentinel-2,Mean Baseline,Test,Medium,600,0.0032553713748128864,0.006581657595736514
Sentinel-2,Mean Baseline,Test,High,712,0.008199338922273779,0.02396893179691075
Sentinel-2,Zero-Change Baseline,Test,Low,1195,0.0029890459398566973,0.0061331394993513816
Sentinel-2,Zero-Change Baseline,Test,Medium,600,0.003283462931877777,0.006614930676228196
Sentinel-2,Zero-Change Baseline,Test,High,712,0.00824488930804194,0.02400478938434083
Sentinel-2,Ridge,Test,Low,1195,0.00313901638547162,0.006027332368597794
Sentinel-2,Ridge,Test,Medium,600,0.0036576115220875493,0.006758329157527853
Sentinel-2,Ridge,Test,High,712,0.008838024364389884,0.02491591372919108
Sentinel-2,Random Forest,Test,Low,1195,0.0028676807145533775,0.005908156513084956
Sentinel-2,Random Forest,Test,Medium,600,0.0034217230843944296,0.006715176534630625
Sentinel-2,Random Forest,Test,High,712,0.00984235039510074,0.026967910422161488
Sentinel-2,HistGradientBoosting,Test,Low,1195,0.0028752660983133865,0.006019953263606012
Sentinel-2,HistGradientBoosting,Test,Medium,600,0.0033454071254376072,0.006663677499128754
Sentinel-2,HistGradientBoosting,Test,High,712,0.008301839645409082,0.023436655677685842
Sentinel-2,ExtraTrees,Test,Low,1195,0.002818423088126637,0.005712402368447326
Sentinel-2,ExtraTrees,Test,Medium,600,0.0035582795580141515,0.0065575607824137055
Sentinel-2,ExtraTrees,Test,High,712,0.009824415422267961,0.02495452157831131
Sentinel-2,Tuned HGB,Test,Low,1195,0.0029060145115606863,0.006055472280421793
Sentinel-2,Tuned HGB,Test,Medium,600,0.0032850165144906974,0.00658852786603145
Sentinel-2,Tuned HGB,Test,High,712,0.008201215107980704,0.023302009565648638
