Sensor,Branch,Env_Status,N_features_total,Model,Val_MAE,Val_RMSE,Val_R2,Test_MAE,Test_RMSE,Test_R2,Delta_Val_MAE,Delta_Val_MAE_pct
S1,A_GLO_only,GLO-only,20,Mean Baseline,0.005596791440793309,0.019364611252663023,-0.00015124880938843788,0.0062902105227360654,0.028363726852621046,-0.0038775380528792702,,
S1,A_GLO_only,GLO-only,20,Zero-Change,0.005619550446436719,0.019370523146980425,-0.0007620218299082548,0.0062964207539101735,0.028383688204379552,-0.005291019717941214,,
S1,A_GLO_only,GLO-only,20,Tuned HGB,0.005668378023526025,0.019624799086034327,-0.027208381258583936,0.006514442316894862,0.028077917279012533,0.016251850188960026,0.0,0.0
S1,B_GLO+ERA5,ERA5:OK,27,Mean Baseline,0.005596791440793309,0.019364611252663023,-0.00015124880938843788,0.0062902105227360654,0.028363726852621046,-0.0038775380528792702,,
S1,B_GLO+ERA5,ERA5:OK,27,Zero-Change,0.005619550446436719,0.019370523146980425,-0.0007620218299082548,0.0062964207539101735,0.028383688204379552,-0.005291019717941214,,
S1,B_GLO+ERA5,ERA5:OK,27,Tuned HGB,0.005708523374587436,0.019774624637906586,-0.042952699931326555,0.006512900421280021,0.02789264877670616,0.029191288904757196,4.0145351061410955e-05,0.708233482219989
S1,C_GLO+CHIRPS,CHIRPS:OK,23,Mean Baseline,0.005596791440793309,0.019364611252663023,-0.00015124880938843788,0.0062902105227360654,0.028363726852621046,-0.0038775380528792702,,
S1,C_GLO+CHIRPS,CHIRPS:OK,23,Zero-Change,0.005619550446436719,0.019370523146980425,-0.0007620218299082548,0.0062964207539101735,0.028383688204379552,-0.005291019717941214,,
S1,C_GLO+CHIRPS,CHIRPS:OK,23,Tuned HGB,0.005675684559972185,0.01974325575495199,-0.03964641093319132,0.006478344963252002,0.027958403521281597,0.02460868201880173,7.306536446160389e-06,0.1288999501415635
S1,D_GLO+RGI,RGI:OK,21,Mean Baseline,0.005596791440793309,0.019364611252663023,-0.00015124880938843788,0.0062902105227360654,0.028363726852621046,-0.0038775380528792702,,
S1,D_GLO+RGI,RGI:OK,21,Zero-Change,0.005619550446436719,0.019370523146980425,-0.0007620218299082548,0.0062964207539101735,0.028383688204379552,-0.005291019717941214,,
S1,D_GLO+RGI,RGI:OK,21,Tuned HGB,0.005882541690268037,0.019952022505692193,-0.06174926205015008,0.006681735276801698,0.027929096296821762,0.02665250613878456,0.00021416366674201215,3.7782177874013994
S1,E_GLO+ALL,ERA5:OK; CHIRPS:OK; RGI:OK,31,Mean Baseline,0.005596791440793309,0.019364611252663023,-0.00015124880938843788,0.0062902105227360654,0.028363726852621046,-0.0038775380528792702,,
S1,E_GLO+ALL,ERA5:OK; CHIRPS:OK; RGI:OK,31,Zero-Change,0.005619550446436719,0.019370523146980425,-0.0007620218299082548,0.0062964207539101735,0.028383688204379552,-0.005291019717941214,,
S1,E_GLO+ALL,ERA5:OK; CHIRPS:OK; RGI:OK,31,Tuned HGB,0.0056815568338518686,0.01975714038846999,-0.041109207687459515,0.006518005050241105,0.02807428385845642,0.016506437410901853,1.3178810325843726e-05,0.2324970259772093
S2,A_GLO_only,GLO-only,20,Mean Baseline,0.004989064103610542,0.016696506125375214,-0.001777898530093136,0.004506697968630463,0.013825021049665192,-0.023681962545822444,,
S2,A_GLO_only,GLO-only,20,Zero-Change,0.004965491981494469,0.016706622875858994,-0.0029922612697539375,0.004552193396322808,0.013858370829060352,-0.02862672820580614,,
S2,A_GLO_only,GLO-only,20,Tuned HGB,0.005000382199876972,0.016669070814705755,0.0015115929425149055,0.004500583329434264,0.013493616036166051,0.024807966821876026,0.0,0.0
S2,B_GLO+ERA5,ERA5:OK,27,Mean Baseline,0.004989064103610542,0.016696506125375214,-0.001777898530093136,0.004506697968630463,0.013825021049665192,-0.023681962545822444,,
S2,B_GLO+ERA5,ERA5:OK,27,Zero-Change,0.004965491981494469,0.016706622875858994,-0.0029922612697539375,0.004552193396322808,0.013858370829060352,-0.02862672820580614,,
S2,B_GLO+ERA5,ERA5:OK,27,Tuned HGB,0.00501874751680541,0.01670779877704258,-0.0031334581235815673,0.004479801857063365,0.01351854787431582,0.021200958669886916,1.8365316928437708e-05,0.36727826382730433
S2,C_GLO+CHIRPS,CHIRPS:OK,23,Mean Baseline,0.004989064103610542,0.016696506125375214,-0.001777898530093136,0.004506697968630463,0.013825021049665192,-0.023681962545822444,,
S2,C_GLO+CHIRPS,CHIRPS:OK,23,Zero-Change,0.004965491981494469,0.016706622875858994,-0.0029922612697539375,0.004552193396322808,0.013858370829060352,-0.02862672820580614,,
S2,C_GLO+CHIRPS,CHIRPS:OK,23,Tuned HGB,0.00499698982774138,0.016663951112553498,0.002124845866423697,0.00449688645786061,0.013510868570083778,0.022312669896819237,-3.392372135591938e-06,-0.06784225685139435
S2,D_GLO+RGI,RGI:OK,21,Mean Baseline,0.004989064103610542,0.016696506125375214,-0.001777898530093136,0.004506697968630463,0.013825021049665192,-0.023681962545822444,,
S2,D_GLO+RGI,RGI:OK,21,Zero-Change,0.004965491981494469,0.016706622875858994,-0.0029922612697539375,0.004552193396322808,0.013858370829060352,-0.02862672820580614,,
S2,D_GLO+RGI,RGI:OK,21,Tuned HGB,0.005000382199876972,0.016669070814705755,0.0015115929425149055,0.004500583329434264,0.013493616036166051,0.024807966821876026,0.0,0.0
S2,E_GLO+ALL,ERA5:OK; CHIRPS:OK; RGI:OK,31,Mean Baseline,0.004989064103610542,0.016696506125375214,-0.001777898530093136,0.004506697968630463,0.013825021049665192,-0.023681962545822444,,
S2,E_GLO+ALL,ERA5:OK; CHIRPS:OK; RGI:OK,31,Zero-Change,0.004965491981494469,0.016706622875858994,-0.0029922612697539375,0.004552193396322808,0.013858370829060352,-0.02862672820580614,,
S2,E_GLO+ALL,ERA5:OK; CHIRPS:OK; RGI:OK,31,Tuned HGB,0.00501664869704337,0.016707423168840427,-0.0030883557226613068,0.004480185681863361,0.013525878482940281,0.020139137802504647,1.626649716639835e-05,0.32530507701588424
