Sensor,Branch,Feature,Is_Environmental,Importance_Mean,Importance_Std
S1,E_GLO+ALL,AREA,False,-0.00014266404786868365,1.2897738438152502e-05
S1,E_GLO+ALL,PERIMETER,False,-1.8745677624176088e-06,2.359643565890905e-06
S1,E_GLO+ALL,AREA_UNCERTAINTY,False,-1.9021976153057227e-05,9.86806143112699e-06
S1,E_GLO+ALL,ELEVATION_MEAN,False,-0.0,0.0
S1,E_GLO+ALL,ELEVATION_MIN,False,-0.0,0.0
S1,E_GLO+ALL,ELEVATION_MEDIAN,False,-0.0,0.0
S1,E_GLO+ALL,LATITUDE,False,-0.0,0.0
S1,E_GLO+ALL,LONGITUDE,False,-0.0,0.0
S1,E_GLO+ALL,AREA_LAG1,False,-9.344441720804918e-06,4.0900162152275e-06
S1,E_GLO+ALL,AREA_LAG2,False,-0.00021726195671608743,3.1797780331119376e-05
S1,E_GLO+ALL,AREA_LAG3,False,-0.0,0.0
S1,E_GLO+ALL,AREA_CHANGE_LAG1,False,-2.4676645747166282e-05,1.1554078081247163e-05
S1,E_GLO+ALL,AREA_CHANGE_LAG2,False,-0.00024663191913544563,1.2554067007028173e-05
S1,E_GLO+ALL,AREA_CHANGE_LAG3,False,-0.0,0.0
S1,E_GLO+ALL,ROLLING_MEAN_3,False,-1.5706912960398827e-05,5.112552554223366e-06
S1,E_GLO+ALL,ROLLING_STD_3,False,-9.136225513840523e-05,9.39703855747714e-06
S1,E_GLO+ALL,ERA5_T2M_MEAN,True,-0.0,0.0
S1,E_GLO+ALL,ERA5_T2M_WARM,True,2.6941929409259567e-06,1.985694910638917e-06
S1,E_GLO+ALL,ERA5_T2M_ANOM,True,2.2816414908853958e-07,6.844924472656187e-07
S1,E_GLO+ALL,ERA5_TP_TOTAL,True,-0.0,0.0
S1,E_GLO+ALL,ERA5_TP_WET,True,-0.0,0.0
S1,E_GLO+ALL,ERA5_TP_ANOM,True,-0.0,0.0
S1,E_GLO+ALL,ERA5_SD_MEAN,True,-0.0,0.0
S1,E_GLO+ALL,CHIRPS_TP_TOTAL,True,6.466172746867095e-06,1.6176426662366793e-05
S1,E_GLO+ALL,CHIRPS_TP_JJAS,True,-0.0,0.0
S1,E_GLO+ALL,CHIRPS_TP_ANOM,True,4.016386109863529e-06,9.279697927867345e-06
S1,E_GLO+ALL,DIST_NEAREST_GLACIER_KM,True,7.337601431317824e-06,3.528090566515665e-06
S1,E_GLO+ALL,BASIN_Gandaki,False,-0.0,0.0
S1,E_GLO+ALL,BASIN_Karnali,False,-0.0,0.0
S1,E_GLO+ALL,BASIN_Koshi,False,-0.0,0.0
S1,E_GLO+ALL,COUNTRY_China,False,-0.0,0.0
S1,E_GLO+ALL,COUNTRY_India,False,-0.0,0.0
S1,E_GLO+ALL,COUNTRY_Nepal,False,-0.0,0.0
S1,E_GLO+ALL,GTNG_REGION_O2_13-08,False,-0.0,0.0
S1,E_GLO+ALL,GTNG_REGION_O2_15-01,False,-0.0,0.0
S1,E_GLO+ALL,GTNG_REGION_O2_15-02,False,-0.0,0.0
S1,E_GLO+ALL,CONNECTIVITY_Glacier-fed,False,-0.0,0.0
S1,E_GLO+ALL,CONNECTIVITY_Non Glacier-fed,False,-0.0,0.0
S2,E_GLO+ALL,AREA,False,-7.977543192811115e-06,3.583696542933516e-06
S2,E_GLO+ALL,PERIMETER,False,-7.937737639235331e-06,3.7623118330433876e-06
S2,E_GLO+ALL,AREA_UNCERTAINTY,False,-0.0,0.0
S2,E_GLO+ALL,ELEVATION_MEAN,False,-0.0,0.0
S2,E_GLO+ALL,ELEVATION_MIN,False,-0.0,0.0
S2,E_GLO+ALL,ELEVATION_MEDIAN,False,-0.0,0.0
S2,E_GLO+ALL,LATITUDE,False,1.2565558965989352e-05,5.594046466241103e-06
S2,E_GLO+ALL,LONGITUDE,False,-2.331199531993046e-06,1.8455403853133543e-06
S2,E_GLO+ALL,AREA_LAG1,False,-6.092310831281363e-06,6.753029143466409e-06
S2,E_GLO+ALL,AREA_LAG2,False,-9.49136923144413e-06,2.880421189530495e-06
S2,E_GLO+ALL,AREA_LAG3,False,-0.0,0.0
S2,E_GLO+ALL,AREA_CHANGE_LAG1,False,-1.800417011833559e-05,4.732937446822472e-06
S2,E_GLO+ALL,AREA_CHANGE_LAG2,False,-2.888232077869965e-05,6.519291385179059e-06
S2,E_GLO+ALL,AREA_CHANGE_LAG3,False,-0.0,0.0
S2,E_GLO+ALL,ROLLING_MEAN_3,False,-1.3718503620678123e-05,3.03023671770522e-06
S2,E_GLO+ALL,ROLLING_STD_3,False,-0.0,0.0
S2,E_GLO+ALL,ERA5_T2M_MEAN,True,1.049024739963409e-05,5.458336595303818e-06
S2,E_GLO+ALL,ERA5_T2M_WARM,True,2.0686707229551627e-06,1.5985316977591994e-06
S2,E_GLO+ALL,ERA5_T2M_ANOM,True,-1.0113308970931267e-07,3.03399269127938e-07
S2,E_GLO+ALL,ERA5_TP_TOTAL,True,-0.0,0.0
S2,E_GLO+ALL,ERA5_TP_WET,True,-0.0,0.0
S2,E_GLO+ALL,ERA5_TP_ANOM,True,-0.0,0.0
S2,E_GLO+ALL,ERA5_SD_MEAN,True,-0.0,0.0
S2,E_GLO+ALL,CHIRPS_TP_TOTAL,True,1.340701047247792e-06,6.639836929204471e-07
S2,E_GLO+ALL,CHIRPS_TP_JJAS,True,-0.0,0.0
S2,E_GLO+ALL,CHIRPS_TP_ANOM,True,-0.0,0.0
S2,E_GLO+ALL,DIST_NEAREST_GLACIER_KM,True,-0.0,0.0
S2,E_GLO+ALL,BASIN_Gandaki,False,-0.0,0.0
S2,E_GLO+ALL,BASIN_Karnali,False,-0.0,0.0
S2,E_GLO+ALL,BASIN_Koshi,False,-0.0,0.0
S2,E_GLO+ALL,COUNTRY_China,False,-0.0,0.0
S2,E_GLO+ALL,COUNTRY_India,False,-0.0,0.0
S2,E_GLO+ALL,COUNTRY_Nepal,False,-0.0,0.0
S2,E_GLO+ALL,GTNG_REGION_O2_13-08,False,-0.0,0.0
S2,E_GLO+ALL,GTNG_REGION_O2_15-01,False,-0.0,0.0
S2,E_GLO+ALL,GTNG_REGION_O2_15-02,False,-0.0,0.0
S2,E_GLO+ALL,CONNECTIVITY_Glacier-fed,False,-0.0,0.0
S2,E_GLO+ALL,CONNECTIVITY_Non Glacier-fed,False,-0.0,0.0
