Feature,Group
BASIN,GLO
COUNTRY,GLO
GTNG_REGION_O2,GLO
CONNECTIVITY,GLO
AREA,GLO
PERIMETER,GLO
AREA_UNCERTAINTY,GLO
ELEVATION_MEAN,GLO
ELEVATION_MIN,GLO
ELEVATION_MEDIAN,GLO
LATITUDE,GLO
LONGITUDE,GLO
AREA_LAG1,GLO
AREA_LAG2,GLO
AREA_LAG3,GLO
AREA_CHANGE_LAG1,GLO
AREA_CHANGE_LAG2,GLO
AREA_CHANGE_LAG3,GLO
ROLLING_MEAN_3,GLO
ROLLING_STD_3,GLO
ERA5_TEMP_MEAN,ERA5
ERA5_TEMP_WARM,ERA5
ERA5_PRECIP_TOTAL,ERA5
ERA5_PRECIP_MONSOON,ERA5
ERA5_SNOW_MEAN,ERA5
ERA5_PDD,ERA5
ERA5_TEMP_ANOM,ERA5
ERA5_PRECIP_ANOM,ERA5
CHIRPS_TP_TOTAL,CHIRPS
CHIRPS_TP_JJAS,CHIRPS
CHIRPS_TP_ANOM,CHIRPS
DIST_NEAREST_GLACIER_KM,RGI
ELEVATION_RANGE,TERRAIN
