Sensor,Experiment,N_features_raw,N_features_processed,Model,CV_MAE,Val_MAE,Val_RMSE,Val_R2,Test_MAE,Test_RMSE,Test_R2
S1,EXP-01_GLO,20,27,Mean_Baseline,,0.005596791440793309,0.019364611252663023,-0.00015124880938843788,0.0062902105227360654,0.028363726852621046,-0.0038775380528792702
S1,EXP-01_GLO,20,27,Zero_Change,,0.005619550446436719,0.019370523146980425,-0.0007620218299082548,0.0062964207539101735,0.028383688204379552,-0.005291019717941214
S1,EXP-01_GLO,20,27,Ridge,,0.006204461017728432,0.019703703393016088,-0.03548506261313733,0.006457415365700606,0.02501299186203143,0.21929774867626306
S1,EXP-01_GLO,20,27,Random_Forest,,0.0056055269670860644,0.017989748905695633,0.13682606201895153,0.006207215040749073,0.025354983320884757,0.1978034192689071
S1,EXP-01_GLO,20,27,ExtraTrees,,0.005419502564586517,0.01838830220546523,0.09815608145844446,0.006148074283710523,0.02673587853577799,0.10804474781603612
S1,EXP-01_GLO,20,27,HGB,0.007626212819659145,0.0057337608187255805,0.018830046915037115,0.05430537664474577,0.006209358475409413,0.025263127784593477,0.20360525488822767
S1,EXP-01_GLO,20,27,XGBoost,0.007474295690068656,0.005854343011156535,0.022854930014606957,-0.39318216865037026,0.006108296160437093,0.024892964708314404,0.22677231569043677
S1,EXP-01_GLO,20,27,LightGBM,0.007823997128055338,0.005914760483935016,0.019826430788415332,-0.04842457532979805,0.006718771055619948,0.02694493481941786,0.09404125214792514
S1,EXP-01_GLO,20,27,CatBoost,0.006873460637912861,0.005710835643837364,0.0201300881594116,-0.08078540059780392,0.0062043786397221355,0.026102713794723398,0.1497914438361343
S1,EXP-02_GLO+ERA5,28,35,Mean_Baseline,,0.005596791440793309,0.019364611252663023,-0.00015124880938843788,0.0062902105227360654,0.028363726852621046,-0.0038775380528792702
S1,EXP-02_GLO+ERA5,28,35,Zero_Change,,0.005619550446436719,0.019370523146980425,-0.0007620218299082548,0.0062964207539101735,0.028383688204379552,-0.005291019717941214
S1,EXP-02_GLO+ERA5,28,35,Ridge,,0.006240578380588092,0.01972813460543031,-0.03805451252640313,0.006553585426823689,0.024982181610891014,0.22121985525921362
S1,EXP-02_GLO+ERA5,28,35,Random_Forest,,0.005718281889767386,0.01857851548377281,0.07940177483942223,0.0067624006474250355,0.025454198697895267,0.19151306162482296
S1,EXP-02_GLO+ERA5,28,35,ExtraTrees,,0.00547165517796732,0.018455724265085315,0.09153060345102615,0.006106365317823633,0.026339150154041622,0.1343194411900731
S1,EXP-02_GLO+ERA5,28,35,HGB,0.007626212819659145,0.005483125824343438,0.01821035260398652,0.11552649902786605,0.00602626514307921,0.02565108384132865,0.17895759412634826
S1,EXP-02_GLO+ERA5,28,35,XGBoost,0.007474295690068656,0.006226837590189218,0.022685417353810133,-0.3725926309390475,0.011487546381116721,0.03596631048971861,-0.6141575670690813
S1,EXP-02_GLO+ERA5,28,35,LightGBM,0.007823997128055338,0.006401468100210763,0.020533714683846037,-0.12456137332315476,0.007459060165461786,0.026062363350824173,0.1524179735535518
S1,EXP-02_GLO+ERA5,28,35,CatBoost,0.006873460637912861,0.0055321071298462384,0.0189637042024876,0.040832486844902705,0.006178364519640155,0.02531174647517814,0.20053699446726225
S1,EXP-03_GLO+CHIRPS,23,30,Mean_Baseline,,0.005596791440793309,0.019364611252663023,-0.00015124880938843788,0.0062902105227360654,0.028363726852621046,-0.0038775380528792702
S1,EXP-03_GLO+CHIRPS,23,30,Zero_Change,,0.005619550446436719,0.019370523146980425,-0.0007620218299082548,0.0062964207539101735,0.028383688204379552,-0.005291019717941214
S1,EXP-03_GLO+CHIRPS,23,30,Ridge,,0.0062049730117456885,0.019720826726496585,-0.037285603369825004,0.00641511444455384,0.024990239811386976,0.22071737082745368
S1,EXP-03_GLO+CHIRPS,23,30,Random_Forest,,0.005626435368431831,0.018205881571967862,0.11596076012868828,0.006176220424823042,0.02524478322973262,0.2047614223230022
S1,EXP-03_GLO+CHIRPS,23,30,ExtraTrees,,0.005356222588254741,0.018483507710427293,0.08879330546662167,0.006144964940235838,0.02698431170143874,0.0913914110893167
S1,EXP-03_GLO+CHIRPS,23,30,HGB,0.007626212819659145,0.005438127588940558,0.018111208230829453,0.12513113015475108,0.005972261798475712,0.0257844995570744,0.1703946165118907
S1,EXP-03_GLO+CHIRPS,23,30,XGBoost,0.007474295690068656,0.005769373516048153,0.021836702838755134,-0.27181002511375985,0.0062420051789905074,0.025490094158825995,0.18923120044029618
S1,EXP-03_GLO+CHIRPS,23,30,LightGBM,0.007823997128055338,0.0060440004841149,0.020761339581871333,-0.14963204221385884,0.006772225550269559,0.027740840759962825,0.03972994314370004
S1,EXP-03_GLO+CHIRPS,23,30,CatBoost,0.006873460637912861,0.005602681855389723,0.01943334061839738,-0.007263371693306375,0.006165367295338069,0.026045596504770185,0.15350818213164785
S1,EXP-04_GLO+RGI,21,28,Mean_Baseline,,0.005596791440793309,0.019364611252663023,-0.00015124880938843788,0.0062902105227360654,0.028363726852621046,-0.0038775380528792702
S1,EXP-04_GLO+RGI,21,28,Zero_Change,,0.005619550446436719,0.019370523146980425,-0.0007620218299082548,0.0062964207539101735,0.028383688204379552,-0.005291019717941214
S1,EXP-04_GLO+RGI,21,28,Ridge,,0.006206086133860834,0.01970338847657919,-0.035451963387678864,0.006457409067665341,0.025013290875137095,0.21927908304830734
S1,EXP-04_GLO+RGI,21,28,Random_Forest,,0.005602690723244309,0.01803438422513042,0.13253741500800265,0.006221016681123658,0.02540898149963387,0.19438292556949976
S1,EXP-04_GLO+RGI,21,28,ExtraTrees,,0.005419917780733489,0.018522747375055347,0.08492029615791608,0.006114054192764389,0.026764101149011493,0.10616064330487962
S1,EXP-04_GLO+RGI,21,28,HGB,0.007626212819659145,0.005901820383776075,0.01947122811332174,-0.011194747967544716,0.006314998850844891,0.025552324658237403,0.18526761083180487
S1,EXP-04_GLO+RGI,21,28,XGBoost,0.007474295690068656,0.005839752621038641,0.02267022607271612,-0.37075493418615313,0.006088645417403745,0.024679914311779842,0.2399512604294055
S1,EXP-04_GLO+RGI,21,28,LightGBM,0.007823997128055338,0.00590846709323626,0.01991021133420692,-0.05730395172519387,0.006647353368314812,0.026782123243193602,0.10495647204754988
S1,EXP-04_GLO+RGI,21,28,CatBoost,0.006873460637912861,0.005620639648181862,0.019571505559997475,-0.021636938210126466,0.0061170630045634545,0.02600864451957111,0.15590838550647101
S1,EXP-05_GLO+TERRAIN,21,28,Mean_Baseline,,0.005596791440793309,0.019364611252663023,-0.00015124880938843788,0.0062902105227360654,0.028363726852621046,-0.0038775380528792702
S1,EXP-05_GLO+TERRAIN,21,28,Zero_Change,,0.005619550446436719,0.019370523146980425,-0.0007620218299082548,0.0062964207539101735,0.028383688204379552,-0.005291019717941214
S1,EXP-05_GLO+TERRAIN,21,28,Ridge,,0.00620446978764156,0.019703713975172853,-0.035486174857671804,0.006457421189168237,0.025012992372224686,0.21929771682809163
S1,EXP-05_GLO+TERRAIN,21,28,Random_Forest,,0.005551011507798009,0.01753181664684428,0.18021124689177614,0.006224190281099047,0.02562427165649162,0.18067311115311646
S1,EXP-05_GLO+TERRAIN,21,28,ExtraTrees,,0.005364871637051141,0.01821506746639507,0.11506843972461689,0.006175908518636216,0.027278697445317877,0.07145831333036956
S1,EXP-05_GLO+TERRAIN,21,28,HGB,0.007626212819659145,0.005963858375473876,0.019770139273783724,-0.042479619692049164,0.0063107800514062,0.025483001980429618,0.1896823025032005
S1,EXP-05_GLO+TERRAIN,21,28,XGBoost,0.007474295690068656,0.0058633280207881855,0.022475020314227583,-0.347250339402581,0.006137762773686012,0.02459784500761918,0.24499770899710194
S1,EXP-05_GLO+TERRAIN,21,28,LightGBM,0.007823997128055338,0.006027499945008877,0.020225851650679826,-0.09109295302088216,0.006567136033800996,0.02680047267220652,0.10372959666363923
S1,EXP-05_GLO+TERRAIN,21,28,CatBoost,0.006873460637912861,0.0056298632774583,0.019406663778004107,-0.004499857009019337,0.006181127198264825,0.025838066270052827,0.16694406327435618
S1,EXP-06_GLO+CLIMATE,31,38,Mean_Baseline,,0.005596791440793309,0.019364611252663023,-0.00015124880938843788,0.0062902105227360654,0.028363726852621046,-0.0038775380528792702
S1,EXP-06_GLO+CLIMATE,31,38,Zero_Change,,0.005619550446436719,0.019370523146980425,-0.0007620218299082548,0.0062964207539101735,0.028383688204379552,-0.005291019717941214
S1,EXP-06_GLO+CLIMATE,31,38,Ridge,,0.00633470952113939,0.01979501855055949,-0.04510503957408707,0.006649251047386975,0.02499434129961281,0.2204615524887964
S1,EXP-06_GLO+CLIMATE,31,38,Random_Forest,,0.005709104469204286,0.018538002671140714,0.08341235997793317,0.006738323998986519,0.025442201911984735,0.1922749759287785
S1,EXP-06_GLO+CLIMATE,31,38,ExtraTrees,,0.005425490791056704,0.018401813431304436,0.09683029364737694,0.006108592389233085,0.026172973804441276,0.14520831455940864
S1,EXP-06_GLO+CLIMATE,31,38,HGB,0.007626212819659145,0.005440112577752324,0.018103997153726358,0.1258276591619868,0.0060021382276965705,0.025751204941641324,0.17253571363718223
S1,EXP-06_GLO+CLIMATE,31,38,XGBoost,0.007474295690068656,0.0062428294609454486,0.022842580140915465,-0.39167693759590905,0.011395077581242061,0.03626984429170503,-0.641517550486443
S1,EXP-06_GLO+CLIMATE,31,38,LightGBM,0.007823997128055338,0.0062021454204841,0.020460452261111733,-0.11655102396459771,0.007601479807667812,0.02648806487831001,0.12450310314451929
S1,EXP-06_GLO+CLIMATE,31,38,CatBoost,0.006873460637912861,0.0054879401497783045,0.018414833734799723,0.09555175618224909,0.006060653214652308,0.025158338988999586,0.21019827608703145
S1,EXP-07_GLO+SPATIAL,22,29,Mean_Baseline,,0.005596791440793309,0.019364611252663023,-0.00015124880938843788,0.0062902105227360654,0.028363726852621046,-0.0038775380528792702
S1,EXP-07_GLO+SPATIAL,22,29,Zero_Change,,0.005619550446436719,0.019370523146980425,-0.0007620218299082548,0.0062964207539101735,0.028383688204379552,-0.005291019717941214
S1,EXP-07_GLO+SPATIAL,22,29,Ridge,,0.006206094894536243,0.019703399059803735,-0.03545307572666467,0.006457414902781715,0.025013291390629414,0.21927905086896382
S1,EXP-07_GLO+SPATIAL,22,29,Random_Forest,,0.005550921573617555,0.017513168366817138,0.18195430865641737,0.0062431441258378635,0.02569761619172215,0.17597606819349754
S1,EXP-07_GLO+SPATIAL,22,29,ExtraTrees,,0.005376528145007663,0.018205628300793423,0.11598535658651354,0.0061348439882923855,0.027198020425717274,0.07694253408891005
S1,EXP-07_GLO+SPATIAL,22,29,HGB,0.007626212819659145,0.005930126044395079,0.01978480849577377,-0.044027210038409814,0.006335984818321815,0.025824904165575962,0.16779257696666494
S1,EXP-07_GLO+SPATIAL,22,29,XGBoost,0.007474295690068656,0.005891658670127673,0.0228965509344029,-0.3982610134981588,0.006098545020656754,0.024362511362026152,0.25937518796576764
S1,EXP-07_GLO+SPATIAL,22,29,LightGBM,0.007823997128055338,0.006046424690865811,0.020368710040523264,-0.10656050995429811,0.006553220379613896,0.026442486534601496,0.12751346779500383
S1,EXP-07_GLO+SPATIAL,22,29,CatBoost,0.006873460637912861,0.00561036157432608,0.019919992951203617,-0.058343085123469196,0.006047701675633849,0.02637142967296404,0.13219629941657618
S1,EXP-08_FULL,33,40,Mean_Baseline,,0.005596791440793309,0.019364611252663023,-0.00015124880938843788,0.0062902105227360654,0.028363726852621046,-0.0038775380528792702
S1,EXP-08_FULL,33,40,Zero_Change,,0.005619550446436719,0.019370523146980425,-0.0007620218299082548,0.0062964207539101735,0.028383688204379552,-0.005291019717941214
S1,EXP-08_FULL,33,40,Ridge,,0.006335434831542771,0.01979423626993389,-0.04502243805821782,0.0066493552672601776,0.024995507704931558,0.2203887936993959
S1,EXP-08_FULL,33,40,Random_Forest,,0.005655468133840334,0.018163344095373967,0.12008699451113747,0.007160208218095974,0.025946516076746227,0.1599362356887174
S1,EXP-08_FULL,33,40,ExtraTrees,,0.005402320097435279,0.01836000184905747,0.10092989536903929,0.006159261440705155,0.02647864692887152,0.12512556610693226
S1,EXP-08_FULL,33,40,HGB,0.007626212819659145,0.0054823236679882575,0.01822112122013169,0.11448013029653237,0.005978839585638416,0.025888608072200392,0.16368179683215278
S1,EXP-08_FULL,33,40,XGBoost,0.007474295690068656,0.006211448335163822,0.022813928740523386,-0.38818797213839873,0.010876059224238956,0.035227170650577205,-0.5484945266228498
S1,EXP-08_FULL,33,40,LightGBM,0.007823997128055338,0.006313638987109778,0.021070870306447994,-0.18416729887600747,0.00737778442402343,0.026393560841899855,0.13073914906351003
S1,EXP-08_FULL,33,40,CatBoost,0.006873460637912861,0.005566760640290306,0.018805141830166478,0.056805320413795046,0.0063734516139098705,0.024897317662967246,0.22650186824705698
S2,EXP-01_GLO,20,27,Mean_Baseline,,0.004989064103610542,0.016696506125375214,-0.001777898530093136,0.004506697968630463,0.013825021049665192,-0.023681962545822444
S2,EXP-01_GLO,20,27,Zero_Change,,0.004965491981494469,0.016706622875858994,-0.0029922612697539375,0.004552193396322808,0.013858370829060352,-0.02862672820580614
S2,EXP-01_GLO,20,27,Ridge,,0.004950155458541459,0.013998095585056712,0.2958613988608064,0.005001473386655985,0.013852281136374572,-0.027722921479645724
S2,EXP-01_GLO,20,27,Random_Forest,,0.004765489667000348,0.015010057890894529,0.19037300883198827,0.005181162477815935,0.015871390997390485,-0.3491599173721398
S2,EXP-01_GLO,20,27,ExtraTrees,,0.004968184712639299,0.015668775023990254,0.11775270905951762,0.004927200074128808,0.013752003844692185,-0.012897312322003529
S2,EXP-01_GLO,20,27,HGB,0.0050425223753930715,0.004764537884236081,0.015625673281480314,0.12259981343228143,0.004464817941143387,0.013034933346157226,0.08997970471382188
S2,EXP-01_GLO,20,27,XGBoost,0.00508193717722708,0.005395394106216359,0.02088526118183686,-0.5674729869005237,0.005433928454421644,0.01796842041506486,-0.7292319430495093
S2,EXP-01_GLO,20,27,LightGBM,0.005164797856870266,0.005266992137349146,0.01710229320364712,-0.051063462411979454,0.005394320587230333,0.01549454526042978,-0.2858523959210797
S2,EXP-01_GLO,20,27,CatBoost,0.0050266383786504035,0.005012057592248836,0.017052104698309267,-0.04490359818799661,0.00495998755303908,0.014547021430513132,-0.1333958179436736
S2,EXP-02_GLO+ERA5,28,35,Mean_Baseline,,0.004989064103610542,0.016696506125375214,-0.001777898530093136,0.004506697968630463,0.013825021049665192,-0.023681962545822444
S2,EXP-02_GLO+ERA5,28,35,Zero_Change,,0.004965491981494469,0.016706622875858994,-0.0029922612697539375,0.004552193396322808,0.013858370829060352,-0.02862672820580614
S2,EXP-02_GLO+ERA5,28,35,Ridge,,0.004992722074376633,0.014013539261367265,0.29430683205346164,0.005004096497122126,0.013769592796789321,-0.015489981114538809
S2,EXP-02_GLO+ERA5,28,35,Random_Forest,,0.004806910266667556,0.015141970876242854,0.1760799779678235,0.005253477203797145,0.016085528265133747,-0.3858113209757532
S2,EXP-02_GLO+ERA5,28,35,ExtraTrees,,0.00511179683823416,0.016077200454305964,0.07115959952211293,0.004977217670820848,0.013645657929176151,0.0027078310435729724
S2,EXP-02_GLO+ERA5,28,35,HGB,0.0050425223753930715,0.004766835148197298,0.01566611440638907,0.11805230151331436,0.004448190588676327,0.01307607753712979,0.08422576030791362
S2,EXP-02_GLO+ERA5,28,35,XGBoost,0.00508193717722708,0.005663878125435381,0.024014773927956277,-1.0724174902717691,0.00775501058428649,0.03494417168107112,-5.540078322012676
S2,EXP-02_GLO+ERA5,28,35,LightGBM,0.005164797856870266,0.005429386490786579,0.017441013581726297,-0.09310953916697828,0.005511172562646586,0.01591877671547199,-0.35722806310104405
S2,EXP-02_GLO+ERA5,28,35,CatBoost,0.0050266383786504035,0.005199553900441716,0.01740069471943945,-0.08806143912704512,0.00572722350522554,0.01576743919372147,-0.3315447856401166
S2,EXP-03_GLO+CHIRPS,23,30,Mean_Baseline,,0.004989064103610542,0.016696506125375214,-0.001777898530093136,0.004506697968630463,0.013825021049665192,-0.023681962545822444
S2,EXP-03_GLO+CHIRPS,23,30,Zero_Change,,0.004965491981494469,0.016706622875858994,-0.0029922612697539375,0.004552193396322808,0.013858370829060352,-0.02862672820580614
S2,EXP-03_GLO+CHIRPS,23,30,Ridge,,0.004955352853294935,0.01403011167627771,0.292636739289746,0.0053353557504457125,0.014034112743160968,-0.05488075878535881
S2,EXP-03_GLO+CHIRPS,23,30,Random_Forest,,0.004741769141275938,0.014884893827880899,0.2038191526653993,0.005258221803220906,0.016104235053876148,-0.38903647510120165
S2,EXP-03_GLO+CHIRPS,23,30,ExtraTrees,,0.005059608172690156,0.015960166484275402,0.08463336539464583,0.004992826277011532,0.013689394551997334,-0.003695391647971391
S2,EXP-03_GLO+CHIRPS,23,30,HGB,0.0050425223753930715,0.0047555995319513485,0.01562611269977698,0.12255046501578692,0.0044462537289596624,0.01307838285576447,0.08390282898352786
S2,EXP-03_GLO+CHIRPS,23,30,XGBoost,0.00508193717722708,0.0053911190828976685,0.02007736989422653,-0.44855131330434417,0.005972069187355386,0.01937551571749305,-1.0106662605881462
S2,EXP-03_GLO+CHIRPS,23,30,LightGBM,0.005164797856870266,0.005270089646169551,0.017115529489182244,-0.05269102891299715,0.005413792595716174,0.015625611432565162,-0.3076980895859238
S2,EXP-03_GLO+CHIRPS,23,30,CatBoost,0.0050266383786504035,0.005013814034719002,0.016673043017100587,0.0010356611219722867,0.005042185566653934,0.013925362243677018,-0.03859553536940008
S2,EXP-04_GLO+RGI,21,28,Mean_Baseline,,0.004989064103610542,0.016696506125375214,-0.001777898530093136,0.004506697968630463,0.013825021049665192,-0.023681962545822444
S2,EXP-04_GLO+RGI,21,28,Zero_Change,,0.004965491981494469,0.016706622875858994,-0.0029922612697539375,0.004552193396322808,0.013858370829060352,-0.02862672820580614
S2,EXP-04_GLO+RGI,21,28,Ridge,,0.004949946054931789,0.013998285659911859,0.2958422762665255,0.005001432858316262,0.013852054801042903,-0.027689337392566626
S2,EXP-04_GLO+RGI,21,28,Random_Forest,,0.004775881096911769,0.015044793171373893,0.18662150293130597,0.005173778483934421,0.015843028092457054,-0.3443422044384452
S2,EXP-04_GLO+RGI,21,28,ExtraTrees,,0.004959738731794537,0.015724164402440226,0.111504166711626,0.004891670010205093,0.013522421346420186,0.020639967358415
S2,EXP-04_GLO+RGI,21,28,HGB,0.0050425223753930715,0.004764537884236081,0.015625673281480314,0.12259981343228143,0.004464817941143387,0.013034933346157226,0.08997970471382188
S2,EXP-04_GLO+RGI,21,28,XGBoost,0.00508193717722708,0.00545861913155719,0.021562696334556854,-0.67080735081794,0.005425136860475634,0.018272800635740043,-0.7883136042343897
S2,EXP-04_GLO+RGI,21,28,LightGBM,0.005164797856870266,0.005267438286507396,0.017149843953973228,-0.05691628409005789,0.0053961034159546875,0.015570208169883719,-0.29844119773677424
S2,EXP-04_GLO+RGI,21,28,CatBoost,0.0050266383786504035,0.004962161375467504,0.016483022811135502,0.02367600512719903,0.004923420468432853,0.01377979856912615,-0.016995864471137434
S2,EXP-05_GLO+TERRAIN,21,28,Mean_Baseline,,0.004989064103610542,0.016696506125375214,-0.001777898530093136,0.004506697968630463,0.013825021049665192,-0.023681962545822444
S2,EXP-05_GLO+TERRAIN,21,28,Zero_Change,,0.004965491981494469,0.016706622875858994,-0.0029922612697539375,0.004552193396322808,0.013858370829060352,-0.02862672820580614
S2,EXP-05_GLO+TERRAIN,21,28,Ridge,,0.004950157034772327,0.01399809457972684,0.2958615000019279,0.005001475192793397,0.013852281045911137,-0.027722908056391438
S2,EXP-05_GLO+TERRAIN,21,28,Random_Forest,,0.004731737184914779,0.014974295861549507,0.19422634671278538,0.005176000412943276,0.015903201969989268,-0.35457357008308255
S2,EXP-05_GLO+TERRAIN,21,28,ExtraTrees,,0.004915812877776159,0.01575562425004734,0.10794532504851839,0.004873449284436364,0.013453158761700817,0.03064694514800581
S2,EXP-05_GLO+TERRAIN,21,28,HGB,0.0050425223753930715,0.004713575544573045,0.015467725193915703,0.14024811060523612,0.004483581004988806,0.012951801353305191,0.10155023738198554
S2,EXP-05_GLO+TERRAIN,21,28,XGBoost,0.00508193717722708,0.0053447297032266465,0.02042941296245634,-0.4997954042136723,0.005391513023786393,0.017818931323196476,-0.700578783770258
S2,EXP-05_GLO+TERRAIN,21,28,LightGBM,0.005164797856870266,0.005198212295035581,0.017088186307823293,-0.049330229630110356,0.005308393526686787,0.015354608856189817,-0.2627313530500055
S2,EXP-05_GLO+TERRAIN,21,28,CatBoost,0.0050266383786504035,0.004962665838569387,0.016488861540021278,0.022984202317786084,0.0048088025660146215,0.013236105637903343,0.06167368134639439
S2,EXP-06_GLO+CLIMATE,31,38,Mean_Baseline,,0.004989064103610542,0.016696506125375214,-0.001777898530093136,0.004506697968630463,0.013825021049665192,-0.023681962545822444
S2,EXP-06_GLO+CLIMATE,31,38,Zero_Change,,0.004965491981494469,0.016706622875858994,-0.0029922612697539375,0.004552193396322808,0.013858370829060352,-0.02862672820580614
S2,EXP-06_GLO+CLIMATE,31,38,Ridge,,0.005000032950313222,0.014037154161972968,0.29192643191251766,0.0051300642154811,0.013863928705898958,-0.02945195176659099
S2,EXP-06_GLO+CLIMATE,31,38,Random_Forest,,0.004805085468781794,0.015014304545299255,0.18991482373731916,0.0052884383474478495,0.016178919848036214,-0.40194990492868965
S2,EXP-06_GLO+CLIMATE,31,38,ExtraTrees,,0.005143550229229086,0.016305602475742545,0.0445808451387415,0.0050315563784522855,0.013678846301830347,-0.0021492091501396082
S2,EXP-06_GLO+CLIMATE,31,38,HGB,0.0050425223753930715,0.004760240049357779,0.01562822478331056,0.12231325029759665,0.004447691926640139,0.013077246240652303,0.08406205427213442
S2,EXP-06_GLO+CLIMATE,31,38,XGBoost,0.00508193717722708,0.005833323261333946,0.024509143113598968,-1.1586215041816774,0.008937045728561702,0.03737619780235002,-6.4821030867069
S2,EXP-06_GLO+CLIMATE,31,38,LightGBM,0.005164797856870266,0.005368335131991345,0.017292373295218846,-0.0745569763312357,0.005527566003494523,0.015802865291879326,-0.33753490588899204
S2,EXP-06_GLO+CLIMATE,31,38,CatBoost,0.0050266383786504035,0.005107359585092616,0.017071388963692893,-0.04726830243979796,0.0059651422584252,0.016203413929617553,-0.4061980833976653
S2,EXP-07_GLO+SPATIAL,22,29,Mean_Baseline,,0.004989064103610542,0.016696506125375214,-0.001777898530093136,0.004506697968630463,0.013825021049665192,-0.023681962545822444
S2,EXP-07_GLO+SPATIAL,22,29,Zero_Change,,0.004965491981494469,0.016706622875858994,-0.0029922612697539375,0.004552193396322808,0.013858370829060352,-0.02862672820580614
S2,EXP-07_GLO+SPATIAL,22,29,Ridge,,0.004949947612606676,0.013998284670810204,0.2958423757763601,0.005001434671566776,0.013852054691694583,-0.027689321167377656
S2,EXP-07_GLO+SPATIAL,22,29,Random_Forest,,0.0047500321114595685,0.015132396292751515,0.17712161211357424,0.005180881075612096,0.01595014309950867,-0.362581901367691
S2,EXP-07_GLO+SPATIAL,22,29,ExtraTrees,,0.004896634034535733,0.015562485772972864,0.1296815736114474,0.004896284918140629,0.01358653918918471,0.0113304917999697
S2,EXP-07_GLO+SPATIAL,22,29,HGB,0.0050425223753930715,0.0047110288682388835,0.015435310875539014,0.14384774411380974,0.0044806461586221,0.012930232692867492,0.10454012611069907
S2,EXP-07_GLO+SPATIAL,22,29,XGBoost,0.00508193717722708,0.00536071341019696,0.020465872009959085,-0.5051533559965327,0.005349872201720661,0.0177991397197572,-0.6968031937901262
S2,EXP-07_GLO+SPATIAL,22,29,LightGBM,0.005164797856870266,0.005213915814654257,0.01710526002366955,-0.05142816047473753,0.005340451758839187,0.01544636605781576,-0.27786829243236744
S2,EXP-07_GLO+SPATIAL,22,29,CatBoost,0.0050266383786504035,0.0048928197447198835,0.01647192216376197,0.02499059154676564,0.00497977382986569,0.01470155944277078,-0.15760463505879274
S2,EXP-08_FULL,33,40,Mean_Baseline,,0.004989064103610542,0.016696506125375214,-0.001777898530093136,0.004506697968630463,0.013825021049665192,-0.023681962545822444
S2,EXP-08_FULL,33,40,Zero_Change,,0.004965491981494469,0.016706622875858994,-0.0029922612697539375,0.004552193396322808,0.013858370829060352,-0.02862672820580614
S2,EXP-08_FULL,33,40,Ridge,,0.004999266176297363,0.014038398019612623,0.2918009389915105,0.0051295342213641786,0.013862985855911938,-0.029311935790555133
S2,EXP-08_FULL,33,40,Random_Forest,,0.004795371723043255,0.015008880982320229,0.19049996631596522,0.005269287185721309,0.01616784443884532,-0.40003112983318245
S2,EXP-08_FULL,33,40,ExtraTrees,,0.00508425306765593,0.01592970740492241,0.08812388287937989,0.004988444118898818,0.013543714569179301,0.01755321986323477
S2,EXP-08_FULL,33,40,HGB,0.0050425223753930715,0.004711158022008601,0.01538653298956716,0.14925033191818227,0.004535252853400703,0.013071316098745789,0.0848925671112768
S2,EXP-08_FULL,33,40,XGBoost,0.00508193717722708,0.00570099243429097,0.02412154039487047,-1.0908858340222887,0.008408625009993469,0.03530000692930747,-5.673951247245748
S2,EXP-08_FULL,33,40,LightGBM,0.005164797856870266,0.005345089134425532,0.017304756524586743,-0.07609652786977317,0.005447495130733854,0.015558316563393772,-0.2964586095383219
S2,EXP-08_FULL,33,40,CatBoost,0.0050266383786504035,0.005057929143615651,0.016821066887000295,-0.016780758743627944,0.005628643295168139,0.01704682850528157,-0.5563978877118823
S1,EXP-09_PRUNED,29,36,Mean_Baseline,,0.005596791440793309,0.019364611252663023,-0.00015124880938843788,0.0062902105227360654,0.028363726852621046,-0.0038775380528792702
S1,EXP-09_PRUNED,29,36,Zero_Change,,0.005619550446436719,0.019370523146980425,-0.0007620218299082548,0.0062964207539101735,0.028383688204379552,-0.005291019717941214
S1,EXP-09_PRUNED,29,36,Ridge,,0.00624313743465591,0.019727759959054757,-0.03801508663279529,0.006536358949055202,0.025007004381480936,0.21967146487140943
S1,EXP-09_PRUNED,29,36,Random_Forest,,0.005636593906625622,0.018045515419495763,0.1314662528960706,0.006419594003737116,0.025855244521302573,0.16583599263670568
S1,EXP-09_PRUNED,29,36,ExtraTrees,,0.005354684095298345,0.01827761340972306,0.10898074267274571,0.006169639395350387,0.027140186753554438,0.08086392576167323
S1,EXP-09_PRUNED,29,36,HGB,0.007626212819659145,0.005482137467926866,0.018219213041725878,0.1146655899502731,0.005997557645022973,0.025866004739920675,0.16514153741242454
S1,EXP-09_PRUNED,29,36,XGBoost,0.007474295690068656,0.0061648824121285604,0.022413983698763792,-0.3399426761060178,0.006786175524846114,0.02652628277014092,0.12197488643858256
S1,EXP-09_PRUNED,29,36,LightGBM,0.007823997128055338,0.0062420907771979384,0.020878623292102393,-0.1626575944743469,0.006963960815268408,0.02606210267286538,0.15243492864274533
S1,EXP-09_PRUNED,29,36,CatBoost,0.006873460637912861,0.005498423234475503,0.018678266505663493,0.06948955764218256,0.006012945108201886,0.025659674284027097,0.17840757457829481
S2,EXP-09_PRUNED,29,36,Mean_Baseline,,0.004989064103610542,0.016696506125375214,-0.001777898530093136,0.004506697968630463,0.013825021049665192,-0.023681962545822444
S2,EXP-09_PRUNED,29,36,Zero_Change,,0.004965491981494469,0.016706622875858994,-0.0029922612697539375,0.004552193396322808,0.013858370829060352,-0.02862672820580614
S2,EXP-09_PRUNED,29,36,Ridge,,0.005017009386481148,0.01404036712112821,0.2916022534087849,0.005093602489447826,0.013829126265210085,-0.024289999094657677
S2,EXP-09_PRUNED,29,36,Random_Forest,,0.004804583844387438,0.015054686941395378,0.18555136181853915,0.005266176783055823,0.016242985464259885,-0.41307482730736433
S2,EXP-09_PRUNED,29,36,ExtraTrees,,0.005124340381114526,0.016080226532012885,0.07080991081124921,0.0050503219894203685,0.013581809961591204,0.012018647819793116
S2,EXP-09_PRUNED,29,36,HGB,0.0050425223753930715,0.004710096828425926,0.015380580013094492,0.14990850657618582,0.004535099622656678,0.013072413267537176,0.08473893767623997
S2,EXP-09_PRUNED,29,36,XGBoost,0.00508193717722708,0.005339655826714275,0.018840009372751848,-0.275505902581215,0.006556948532265354,0.02155395910656677,-1.488213016526005
S2,EXP-09_PRUNED,29,36,LightGBM,0.005164797856870266,0.005319497869122981,0.017266954550771634,-0.07140023042648647,0.005449315234903336,0.015568689318052187,-0.29818788787988937
S2,EXP-09_PRUNED,29,36,CatBoost,0.0050266383786504035,0.004977762262825407,0.01621761070064237,0.054864695969019994,0.005357352675747032,0.015469619781890927,-0.2817187209317731
