Sensor,Experiment,Model,Split,Stratification,Tier,N,MAE,RMSE
S1,EXP-03_GLO+CHIRPS,HGB,Validation,Size,Small,574,0.002710329574435111,0.009237238670662569
S1,EXP-03_GLO+CHIRPS,HGB,Validation,Size,Medium,717,0.002950039736466083,0.005195288128248942
S1,EXP-03_GLO+CHIRPS,HGB,Validation,Size,Large,735,0.009995563031866172,0.028481528164977246
S1,EXP-03_GLO+CHIRPS,HGB,Test,Size,Small,585,0.0027711138683415458,0.006900944851004203
S1,EXP-03_GLO+CHIRPS,HGB,Test,Size,Medium,716,0.0031081222984167653,0.005489174646555697
S1,EXP-03_GLO+CHIRPS,HGB,Test,Size,Large,754,0.011175704001619869,0.041790397727685065
S2,EXP-09_PRUNED,HGB,Validation,Size,Small,597,0.002816499657493502,0.008634285042586407
S2,EXP-09_PRUNED,HGB,Validation,Size,Medium,769,0.0027208749682667093,0.004955852984280898
S2,EXP-09_PRUNED,HGB,Validation,Size,Large,879,0.0077364780815648284,0.023066613477226574
S2,EXP-09_PRUNED,HGB,Test,Size,Small,735,0.0028893648285910818,0.005995512429176655
S2,EXP-09_PRUNED,HGB,Test,Size,Medium,860,0.002847096603791032,0.005613095428312914
S2,EXP-09_PRUNED,HGB,Test,Size,Large,912,0.0074531891729446905,0.020274970267342634
