GLO_ID,Area_S1,Area_S2,Actual_Next_Change,Predicted_Change,Abs_Error,Area_Uncertainty,Size_Tier,Basin,Elevation_Mean
GLO_86.92845_27.89838,1.0576728301271245,1.7660344282842542,0.4123315950366955,0.13980922,0.27252237400741386,0.05,Large (>0.03),Koshi,5019.1220703125
GLO_87.81186_28.32384,0.9894636917739023,0.4594917670991301,0.2080038224088267,-0.018610543,0.2266143650489167,0.049,Large (>0.03),Koshi,4193.771484375
GLO_87.47974_28.21036,0.963958531494694,1.5403859614110307,0.31066544952185043,0.0991438,0.211521646402191,0.048,Large (>0.03),Koshi,4787.8701171875
GLO_85.86847_28.32812,1.989614912360246,1.948473622725753,-0.09589189006492516,0.08282707,0.17871895893022438,0.071,Large (>0.03),Koshi,5165.3876953125
GLO_86.53233_28.13395,0.9594641669707169,1.1178952417364354,0.10767004033377747,-0.048406836,0.1560768759792147,0.048,Large (>0.03),Koshi,5004.62158203125
GLO_86.50218_28.03313,0.5085356098329166,0.6980533501736383,0.09806512494954994,-0.014910912,0.11297603709075382,0.034,Large (>0.03),Koshi,5067.29248046875
GLO_85.87029_28.35943,3.868512836184906,4.581508039629571,0.29587976953756856,0.20034601,0.09553376159441518,0.101,Large (>0.03),Koshi,5215.82373046875
GLO_86.44838_27.94802,2.003322268033732,1.9878751783599689,-0.0345351206781076,0.05111985,0.0856549697639154,0.071,Large (>0.03),Koshi,5052.302734375
GLO_85.84205_28.32067,5.2260343050308915,5.4425481085884435,0.09858717134537409,0.021349752,0.07723741902353476,0.119,Large (>0.03),Koshi,5073.404296875
GLO_86.50253_28.284,0.12975822996403036,0.47199104075662957,0.11208220374397623,0.036897674,0.07518452954105723,0.016,Large (>0.03),Koshi,5152.84814453125
GLO_83.79014_28.64145,0.12233496377501125,0.3052374913432003,0.07168215148962104,0.0008685953,0.07081355616795831,0.016,Large (>0.03),Gandaki,4070.74853515625
GLO_86.59886_27.77762,1.2346524089061361,1.5166291400717384,-0.15349262687225623,-0.086186156,0.0673064711954145,0.055,Large (>0.03),Koshi,4846.7919921875
GLO_85.81942_28.2973,0.11509444389420234,0.27523150969892146,-0.01772805154381909,0.047913954,0.06564200520573774,0.015,Large (>0.03),Koshi,5079.720703125
GLO_81.51205_30.32974,0.15321916143232475,0.04821288596565256,0.06494208417037306,-0.0006535635,0.0655956476451437,0.018,Large (>0.03),Karnali,5215.21630859375
GLO_81.44412_30.31873,0.12260440705360182,0.16101443553758782,0.1129190878811956,0.048847277,0.06407181116377121,0.016,Large (>0.03),Karnali,5509.67578125
GLO_87.15847_28.15183,0.9598435279782911,0.9933995370991444,-0.00019711121227145023,-0.061893117,0.06169600547049642,0.048,Large (>0.03),Koshi,5143.7744140625
GLO_87.7395_27.85323,0.0028185700507516852,0.06042677070882965,0.060942666685106214,-0.0003100675,0.06125273417997172,0.002,Small (<=0.01),Koshi,5174.60009765625
GLO_85.56221_28.22017,0.06592754274524971,0.06807993123698981,0.003117176284127006,-0.057777956,0.06089513241224743,0.011,Large (>0.03),Gandaki,3986.24560546875
GLO_86.06569_28.06715,0.3090014996465175,0.3094181672462944,0.005260483383931036,-0.05497731,0.06023779234269988,0.026,Large (>0.03),Koshi,4632.96728515625
GLO_80.17695_30.56435,0.24168570596560132,0.28761484998939235,0.03458742261571639,-0.025459472,0.06004689470572226,0.023,Large (>0.03),Karnali,4893.4599609375
