date,sensor,index,threshold,buffer_m,area_km2,water_pixels,valid_fraction,cloud_fraction,water_fraction,components,configuration,preprocessing
2026-09-28,S2,MNDWI,0.0,0,1.765163038111637,17151,1.0,0.0,0.999941697761194,1,S2_MNDWI_gt_0.0_Buf0m,
2026-09-08,S2,MNDWI,0.0,0,1.633632610573495,15873,0.9286380597014925,0.07136194029850747,0.9965469613259669,1,S2_MNDWI_gt_0.0_Buf0m,
2026-05-11,S2,MNDWI,0.0,0,1.7563120077765193,17065,1.0,0.0,0.9949277052238806,1,S2_MNDWI_gt_0.0_Buf0m,
2026-04-21,S2,MNDWI,0.0,0,1.7526069253106562,17029,1.0,0.0,0.9928288246268657,1,S2_MNDWI_gt_0.0_Buf0m,
2026-04-16,S2,MNDWI,0.0,0,1.7578557921372957,17080,1.0,0.0,0.9958022388059702,1,S2_MNDWI_gt_0.0_Buf0m,
2026-09-28,S1,,-12.0,0,1.366763754073963,13280,0.988164645522388,,0.7835270517434657,9,S1_Lee5x5_VV_lt_-12dB_Buf0m,Lee 5x5
2026-09-16,S1,,-12.0,0,0.8148093856177383,7917,0.9984258395522388,,0.4623065693430657,12,S1_Lee5x5_VV_lt_-12dB_Buf0m,Lee 5x5
2026-09-04,S1,,-12.0,0,0.7609827709053375,7394,0.9970848880597015,,0.4323470939071454,12,S1_Lee5x5_VV_lt_-12dB_Buf0m,Lee 5x5
2026-08-23,S1,,-12.0,0,0.7849628879760628,7627,0.9984841417910447,,0.44534625715286696,13,S1_Lee5x5_VV_lt_-12dB_Buf0m,Lee 5x5
2026-08-11,S1,,-12.0,0,0.8096634377484839,7867,0.9986007462686567,,0.45930639887902847,11,S1_Lee5x5_VV_lt_-12dB_Buf0m,Lee 5x5
2026-09-28,S1,,-12.0,50,1.6311625555962528,15849,0.9882791943740133,,0.767208829509149,12,S1_Lee5x5_VV_lt_-12dB_Buf50m,Lee 5x5
2026-09-16,S1,,-12.0,50,0.9846256653031328,9567,0.9977993589436923,,0.4586949225679628,14,S1_Lee5x5_VV_lt_-12dB_Buf50m,Lee 5x5
2026-09-04,S1,,-12.0,50,0.9159787207272794,8900,0.9970339185762809,,0.4270428482318507,14,S1_Lee5x5_VV_lt_-12dB_Buf50m,Lee 5x5
2026-08-23,S1,,-12.0,50,0.9471631648149609,9203,0.9983255991962876,,0.4410101590952655,17,S1_Lee5x5_VV_lt_-12dB_Buf50m,Lee 5x5
2026-08-11,S1,,-12.0,50,0.9706286870987608,9431,0.998421279242214,,0.4518926689027312,14,S1_Lee5x5_VV_lt_-12dB_Buf50m,Lee 5x5
2026-09-28,S1,,-15.0,0,0.9158758017698942,8899,0.988164645522388,,0.5250457254115287,33,S1_RAW_VV_lt_-15dB_Buf0m_(FirstPass),RAW
2026-09-16,S1,,-15.0,0,0.6152495272480535,5978,0.9984258395522388,,0.3490802919708029,19,S1_RAW_VV_lt_-15dB_Buf0m_(FirstPass),RAW
2026-09-04,S1,,-15.0,0,0.5552477750925474,5395,0.9970848880597015,,0.3154601800958952,13,S1_RAW_VV_lt_-15dB_Buf0m_(FirstPass),RAW
2026-08-23,S1,,-15.0,0,0.5437208518654176,5283,0.9984841417910447,,0.30847833703141425,18,S1_RAW_VV_lt_-15dB_Buf0m_(FirstPass),RAW
2026-08-11,S1,,-15.0,0,0.5591586954731808,5433,0.9986007462686567,,0.3171999065857076,15,S1_RAW_VV_lt_-15dB_Buf0m_(FirstPass),RAW
