date,sensor,preprocessing,threshold,buffer_m,area_km2,water_pixels,valid_fraction,water_fraction,components
2026-09-28,S1,RAW,-15.0,0,0.9158758017698942,8899,0.988164645522388,0.5250457254115287,33
2026-09-28,S1,RAW,-14.0,0,1.0566689354726941,10267,0.988164645522388,0.6057584518260665,36
2026-09-28,S1,RAW,-13.0,0,1.235130407578436,12001,0.988164645522388,0.7080653725883533,23
2026-09-28,S1,RAW,-12.0,0,1.3795257047897138,13404,0.988164645522388,0.7908431175880583,14
2026-09-28,S1,RAW,-11.0,0,1.503131372609204,14605,0.988164645522388,0.8617027553247979,5
2026-09-28,S1,Lee 5x5,-15.0,0,0.8752228136027846,8504,0.988164645522388,0.501740515664641,23
2026-09-28,S1,Lee 5x5,-14.0,0,1.0239407070242361,9949,0.988164645522388,0.5869962829665467,28
2026-09-28,S1,Lee 5x5,-13.0,0,1.2038430445333692,11697,0.988164645522388,0.6901292111629005,17
2026-09-28,S1,Lee 5x5,-12.0,0,1.366763754073963,13280,0.988164645522388,0.7835270517434657,9
2026-09-28,S1,Lee 5x5,-11.0,0,1.5000438038876514,14575,0.988164645522388,0.8599327393946545,4
2026-09-28,S1,Lee 7x7,-15.0,0,0.860402483739332,8360,0.988164645522388,0.4932444391999528,20
2026-09-28,S1,Lee 7x7,-14.0,0,1.008297025501703,9797,0.988164645522388,0.5780282022538202,23
2026-09-28,S1,Lee 7x7,-13.0,0,1.1962270416868728,11623,0.988164645522388,0.6857631718685469,15
2026-09-28,S1,Lee 7x7,-12.0,0,1.3673812678182735,13286,0.988164645522388,0.7838810549294943,9
2026-09-28,S1,Lee 7x7,-11.0,0,1.5054985086290609,14628,0.988164645522388,0.8630597675379078,6
2026-09-28,S1,RAW,-15.0,50,1.1113189018441756,10798,0.9882791943740133,0.5227030690289476,37
2026-09-28,S1,RAW,-14.0,50,1.2723870701518376,12363,0.9882791943740133,0.5984606447865234,39
2026-09-28,S1,RAW,-13.0,50,1.4747257403709197,14329,0.9882791943740133,0.6936295866008326,25
2026-09-28,S1,RAW,-12.0,50,1.6440274252693887,15974,0.9882791943740133,0.773259754090425,15
2026-09-28,S1,RAW,-11.0,50,1.7961416442845481,17452,0.9882791943740133,0.8448058863394327,6
2026-09-28,S1,Lee 5x5,-15.0,50,1.0586243956630108,10286,0.9882791943740133,0.49791848194404104,26
2026-09-28,S1,Lee 5x5,-14.0,50,1.2303961355387218,11955,0.9882791943740133,0.5787104269532385,30
2026-09-28,S1,Lee 5x5,-13.0,50,1.4341756711611953,13935,0.9882791943740133,0.6745570723206505,18
2026-09-28,S1,Lee 5x5,-12.0,50,1.6311625555962528,15849,0.9882791943740133,0.767208829509149,12
2026-09-28,S1,Lee 5x5,-11.0,50,1.7914073722448343,17406,0.9882791943740133,0.8425791460935231,6
2026-09-28,S1,Lee 7x7,-15.0,50,1.0434953089274028,10139,0.9882791943740133,0.4908025946364605,25
2026-09-28,S1,Lee 7x7,-14.0,50,1.2160904004621946,11816,0.9882791943740133,0.5719817988188596,26
2026-09-28,S1,Lee 7x7,-13.0,50,1.4271771820590093,13867,0.9882791943740133,0.6712653693484364,17
2026-09-28,S1,Lee 7x7,-12.0,50,1.6333238537013397,15870,0.9882791943740133,0.7682253848388033,12
2026-09-28,S1,Lee 7x7,-11.0,50,1.797067914901014,17461,0.9882791943740133,0.8452415529092845,7
2026-09-28,S1,RAW,-15.0,100,1.2752688009586202,12391,0.9889453363137574,0.5092261537829286,44
2026-09-28,S1,RAW,-14.0,100,1.4660805479505725,14245,0.9889453363137574,0.585418978342169,48
2026-09-28,S1,RAW,-13.0,100,1.6961044177062432,16480,0.9889453363137574,0.6772695516376936,30
2026-09-28,S1,RAW,-12.0,100,1.8944292485873069,18407,0.9889453363137574,0.7564624172933876,22
2026-09-28,S1,RAW,-11.0,100,2.072890720693049,20141,0.9889453363137574,0.8277236674474993,6
2026-09-28,S1,Lee 5x5,-15.0,100,1.2143407781866482,11799,0.9889453363137574,0.48489705338429295,31
2026-09-28,S1,Lee 5x5,-14.0,100,1.417399881107426,13772,0.9889453363137574,0.5659803558952863,37
2026-09-28,S1,Lee 5x5,-13.0,100,1.6484529404369477,16017,0.9889453363137574,0.6582418937245715,25
2026-09-28,S1,Lee 5x5,-12.0,100,1.8727133485790535,18196,0.9889453363137574,0.747791065631036,15
2026-09-28,S1,Lee 5x5,-11.0,100,2.0688768813550302,20102,0.9889453363137574,0.8261209057658324,4
2026-09-28,S1,Lee 7x7,-15.0,100,1.1958153658573325,11619,0.9889453363137574,0.4774996917765997,29
2026-09-28,S1,Lee 7x7,-14.0,100,1.3965073327582531,13569,0.9889453363137574,0.5576377758599433,32
2026-09-28,S1,Lee 7x7,-13.0,100,1.6392931532296748,15928,0.9889453363137574,0.6545843093741011,23
2026-09-28,S1,Lee 7x7,-12.0,100,1.874565889811985,18214,0.9889453363137574,0.7485308017918054,15
2026-09-28,S1,Lee 7x7,-11.0,100,2.0739199102668997,20151,0.9889453363137574,0.82813463198126,5
2026-09-28,S1,RAW,-15.0,200,1.5992576788068757,15539,0.9902003215036478,0.4851237863319909,60
2026-09-28,S1,RAW,-14.0,200,1.8342216585170306,17822,0.9902003215036478,0.5563984889638163,63
2026-09-28,S1,RAW,-13.0,200,2.1324807970190145,20720,0.9902003215036478,0.6468733414504698,41
2026-09-28,S1,RAW,-12.0,200,2.394203705649292,23263,0.9902003215036478,0.7262651806062876,32
2026-09-28,S1,RAW,-11.0,200,2.629270604316832,25547,0.9902003215036478,0.7975711029939746,10
2026-09-28,S1,Lee 5x5,-15.0,200,1.5187750541317373,14757,0.9902003215036478,0.46070993724829074,39
2026-09-28,S1,Lee 5x5,-14.0,200,1.7683535257905747,17182,0.9902003215036478,0.5364178452124504,45
2026-09-28,S1,Lee 5x5,-13.0,200,2.065789312633478,20072,0.9902003215036478,0.626642939652212,33
2026-09-28,S1,Lee 5x5,-12.0,200,2.360137530754828,22932,0.9902003215036478,0.7159314414161281,24
2026-09-28,S1,Lee 5x5,-11.0,200,2.6195962223226337,25453,0.9902003215036478,0.7946364459429928,5
2026-09-28,S1,Lee 7x7,-15.0,200,1.5000438038876514,14575,0.9902003215036478,0.4550279416814961,38
2026-09-28,S1,Lee 7x7,-14.0,200,1.7448880035067746,16954,0.9902003215036478,0.5292997408760264,40
2026-09-28,S1,Lee 7x7,-13.0,200,2.054468227321118,19962,0.9902003215036478,0.6232087665074459,33
2026-09-28,S1,Lee 7x7,-12.0,200,2.3574616378628157,22906,0.9902003215036478,0.7151197277637289,24
2026-09-28,S1,Lee 7x7,-11.0,200,2.6251538460214285,25507,0.9902003215036478,0.7963223127595143,6
2026-09-16,S1,RAW,-15.0,0,0.6152495272480535,5978,0.9984258395522388,0.3490802919708029,19
2026-09-16,S1,RAW,-14.0,0,0.680500146230199,6612,0.9984258395522388,0.3861021897810219,22
2026-09-16,S1,RAW,-13.0,0,0.7622177983939585,7406,0.9984258395522388,0.43246715328467156,22
2026-09-16,S1,RAW,-12.0,0,0.8423916661969417,8185,0.9984258395522388,0.47795620437956204,13
2026-09-16,S1,RAW,-11.0,0,0.9256531027214776,8994,0.9984258395522388,0.5251970802919708,14
2026-09-16,S1,Lee 5x5,-15.0,0,0.6016642248732219,5846,0.9984258395522388,0.3413722627737226,10
2026-09-16,S1,Lee 5x5,-14.0,0,0.6564171102020885,6378,0.9984258395522388,0.3724379562043796,16
2026-09-16,S1,Lee 5x5,-13.0,0,0.7256815685222524,7051,0.9984258395522388,0.41173722627737225,15
2026-09-16,S1,Lee 5x5,-12.0,0,0.8148093856177383,7917,0.9984258395522388,0.4623065693430657,12
2026-09-16,S1,Lee 5x5,-11.0,0,0.9039372027132241,8783,0.9984258395522388,0.5128759124087591,11
2026-09-16,S1,Lee 7x7,-15.0,0,0.5918869239216386,5751,0.9984258395522388,0.33582481751824816,8
2026-09-16,S1,Lee 7x7,-14.0,0,0.647668998824356,6293,0.9984258395522388,0.36747445255474454,13
2026-09-16,S1,Lee 7x7,-13.0,0,0.7156984296558989,6954,0.9984258395522388,0.40607299270072994,12
2026-09-16,S1,Lee 7x7,-12.0,0,0.8100751135780243,7871,0.9984258395522388,0.4596204379562044,11
2026-09-16,S1,Lee 7x7,-11.0,0,0.9001292012899759,8746,0.9984258395522388,0.5107153284671533,8
2026-09-16,S1,RAW,-15.0,50,0.7519259026554498,7306,0.9977993589436923,0.35029007047993477,20
2026-09-16,S1,RAW,-14.0,50,0.8292180396516505,8057,0.9977993589436923,0.38629716641894807,24
2026-09-16,S1,RAW,-13.0,50,0.9250355889771671,8988,0.9977993589436923,0.4309344584551949,25
2026-09-16,S1,RAW,-12.0,50,1.0195151918566774,9906,0.9977993589436923,0.474948458551086,17
2026-09-16,S1,RAW,-11.0,50,1.1242866904746966,10924,0.9977993589436923,0.523757012034329,18
2026-09-16,S1,Lee 5x5,-15.0,50,0.7387522761101586,7178,0.9977993589436923,0.3441530421441243,11
2026-09-16,S1,Lee 5x5,-14.0,50,0.8032824623906085,7805,0.9977993589436923,0.3742148918828211,17
2026-09-16,S1,Lee 5x5,-13.0,50,0.8810891941737347,8561,0.9977993589436923,0.410461715491202,17
2026-09-16,S1,Lee 5x5,-12.0,50,0.9846256653031328,9567,0.9977993589436923,0.4586949225679628,14
2026-09-16,S1,Lee 5x5,-11.0,50,1.090735110367158,10598,0.9977993589436923,0.5081267679915615,12
2026-09-16,S1,Lee 7x7,-15.0,50,0.7284603803716498,7078,0.9977993589436923,0.3393584887567723,9
2026-09-16,S1,Lee 7x7,-14.0,50,0.7949460268424163,7724,0.9977993589436923,0.370331303639066,14
2026-09-16,S1,Lee 7x7,-13.0,50,0.8695622709466049,8449,0.9977993589436923,0.4050918156973678,14
2026-09-16,S1,Lee 7x7,-12.0,50,0.9774213382861766,9497,0.9977993589436923,0.4553387351968164,12
2026-09-16,S1,Lee 7x7,-11.0,50,1.0850745677109783,10543,0.9977993589436923,0.505489763628518,9
2026-09-16,S1,RAW,-15.0,100,0.8658571884807417,8413,0.9979272505588295,0.3426325649588662,21
2026-09-16,S1,RAW,-14.0,100,0.959101763871631,9319,0.9979272505588295,0.3795308300073308,30
2026-09-16,S1,RAW,-13.0,100,1.0696367241032152,10393,0.9979272505588295,0.42327115744888816,30
2026-09-16,S1,RAW,-12.0,100,1.1784220620592527,11450,0.9979272505588295,0.4663191333387635,20
2026-09-16,S1,RAW,-11.0,100,1.3018218919639726,12649,0.9979272505588295,0.5151502810132769,23
2026-09-16,S1,Lee 5x5,-15.0,100,0.8495959932138979,8255,0.9979272505588295,0.3361977681844099,12
2026-09-16,S1,Lee 5x5,-14.0,100,0.9282260766561048,9019,0.9979272505588295,0.36731286144823655,19
2026-09-16,S1,Lee 5x5,-13.0,100,1.0171480558368204,9883,0.9979272505588295,0.402500610898428,20
2026-09-16,S1,Lee 5x5,-12.0,100,1.1379749118069133,11057,0.9979272505588295,0.45031359452635006,18
2026-09-16,S1,Lee 5x5,-11.0,100,1.2624039312854842,12266,0.9979272505588295,0.4995520078194999,15
2026-09-16,S1,Lee 7x7,-15.0,100,0.8376573941572277,8139,0.9979272505588295,0.33147348700822676,9
2026-09-16,S1,Lee 7x7,-14.0,100,0.9191692084062171,8931,0.9979272505588295,0.36372892400423557,15
2026-09-16,S1,Lee 7x7,-13.0,100,1.0065474032261563,9780,0.9979272505588295,0.39830577502647224,17
2026-09-16,S1,Lee 7x7,-12.0,100,1.12819761085533,10962,0.9979272505588295,0.4464445711493036,15
2026-09-16,S1,Lee 7x7,-11.0,100,1.2557141990554535,12201,0.9979272505588295,0.4969047812983628,12
2026-09-16,S1,RAW,-15.0,200,1.0705629947196809,10402,0.9975578088289848,0.3223527224270972,30
2026-09-16,S1,RAW,-14.0,200,1.1912869317323886,11575,0.9975578088289848,0.35870339954755337,38
2026-09-16,S1,RAW,-13.0,200,1.3448420161509393,13067,0.9975578088289848,0.4049397254330782,49
2026-09-16,S1,RAW,-12.0,200,1.4999408849302662,14574,0.9975578088289848,0.45164089373702315,33
2026-09-16,S1,RAW,-11.0,200,1.6744914366553747,16270,0.9975578088289848,0.5041990765130621,34
2026-09-16,S1,Lee 5x5,-15.0,200,1.041334010822316,10118,0.9975578088289848,0.3135517059716756,20
2026-09-16,S1,Lee 5x5,-14.0,200,1.1553682156049931,11226,0.9975578088289848,0.3478880659456444,26
2026-09-16,S1,Lee 5x5,-13.0,200,1.2760921526177007,12399,0.9975578088289848,0.3842387430661006,28
2026-09-16,S1,Lee 5x5,-12.0,200,1.4445704858570891,14036,0.9975578088289848,0.43496854566302023,34
2026-09-16,S1,Lee 5x5,-11.0,200,1.6197385513265081,15738,0.9975578088289848,0.4877126654064272,23
2026-09-16,S1,Lee 7x7,-15.0,200,1.0275428705327143,9984,0.9975578088289848,0.30939911370045553,17
2026-09-16,S1,Lee 7x7,-14.0,200,1.1436354544630931,11112,0.9975578088289848,0.34435526356565127,20
2026-09-16,S1,Lee 7x7,-13.0,200,1.2607572279673227,12250,0.9975578088289848,0.37962130837646035,23
2026-09-16,S1,Lee 7x7,-12.0,200,1.4235750185505311,13832,0.9975578088289848,0.4286466887725061,28
2026-09-16,S1,Lee 7x7,-11.0,200,1.6072853574829125,15617,0.9975578088289848,0.4839629365645046,21
2026-09-04,S1,RAW,-15.0,0,0.5552477750925474,5395,0.9970848880597015,0.3154601800958952,13
2026-09-04,S1,RAW,-14.0,0,0.6255414229865622,6078,0.9970848880597015,0.3553970295871828,20
2026-09-04,S1,RAW,-13.0,0,0.7022160462384525,6823,0.9970848880597015,0.39895918606010994,23
2026-09-04,S1,RAW,-12.0,0,0.7904175927174726,7680,0.9970848880597015,0.4490702841772892,18
2026-09-04,S1,RAW,-11.0,0,0.882632978534511,8576,0.9970848880597015,0.5014618173313062,18
2026-09-04,S1,Lee 5x5,-15.0,0,0.5527777201153053,5371,0.9970848880597015,0.3140568354578412,7
2026-09-04,S1,Lee 5x5,-14.0,0,0.5984737371942842,5815,0.9970848880597015,0.34001871126184074,9
2026-09-04,S1,Lee 5x5,-13.0,0,0.6737074950427833,6546,0.9970848880597015,0.38276225002923636,16
2026-09-04,S1,Lee 5x5,-12.0,0,0.7609827709053375,7394,0.9970848880597015,0.4323470939071454,12
2026-09-04,S1,Lee 5x5,-11.0,0,0.8634900524608847,8390,0.9970848880597015,0.49058589638638755,13
2026-09-04,S1,Lee 7x7,-15.0,0,0.5460879878852747,5306,0.9970848880597015,0.31025611039644485,7
2026-09-04,S1,Lee 7x7,-14.0,0,0.5955920063875018,5787,0.9970848880597015,0.3383814758507777,8
2026-09-04,S1,Lee 7x7,-13.0,0,0.6646506267928955,6458,0.9970848880597015,0.37761665302303826,12
2026-09-04,S1,Lee 7x7,-12.0,0,0.7529550922293007,7316,0.9970848880597015,0.42778622383346976,10
2026-09-04,S1,Lee 7x7,-11.0,0,0.8507281017451338,8266,0.9970848880597015,0.4833352824231084,12
2026-09-04,S1,RAW,-15.0,50,0.6891453386505464,6696,0.9970339185762809,0.3212897653663452,14
2026-09-04,S1,RAW,-14.0,50,0.7681870979222936,7464,0.9970339185762809,0.35814020440477906,23
2026-09-04,S1,RAW,-13.0,50,0.8516543723615996,8275,0.9970339185762809,0.3970538841706252,25
2026-09-04,S1,RAW,-12.0,50,0.9478835975166565,9210,0.9970339185762809,0.44191737440621853,20
2026-09-04,S1,RAW,-11.0,50,1.0545076373676072,10246,0.9970339185762809,0.49162708123410587,22
2026-09-04,S1,Lee 5x5,-15.0,50,0.6850285803551428,6656,0.9970339185762809,0.31937047166642674,8
2026-09-04,S1,Lee 5x5,-14.0,50,0.7366938969624568,7158,0.9970339185762809,0.34345760760040306,10
2026-09-04,S1,Lee 5x5,-13.0,50,0.8216020368051541,7983,0.9970339185762809,0.38304304016122065,18
2026-09-04,S1,Lee 5x5,-12.0,50,0.9159787207272794,8900,0.9970339185762809,0.4270428482318507,14
2026-09-04,S1,Lee 5x5,-11.0,50,1.0304246013394966,10012,0.9970339185762809,0.48039921308958305,16
2026-09-04,S1,Lee 7x7,-15.0,50,0.6799855514432736,6607,0.9970339185762809,0.31701933688402667,9
2026-09-04,S1,Lee 7x7,-14.0,50,0.7331946524113638,7124,0.9970339185762809,0.34182620795547236,9
2026-09-04,S1,Lee 7x7,-13.0,50,0.8113101410666453,7883,0.9970339185762809,0.3782448059114246,14
2026-09-04,S1,Lee 7x7,-12.0,50,0.907436447264317,8817,0.9970339185762809,0.4230603138045199,12
2026-09-04,S1,Lee 7x7,-11.0,50,1.0149867577317335,9862,0.9970339185762809,0.4732018617148889,14
2026-09-04,S1,RAW,-15.0,100,0.8070904638138567,7842,0.9972769762243446,0.3195859483250469,16
2026-09-04,S1,RAW,-14.0,100,0.896732875696268,8713,0.9972769762243446,0.35508191376640313,25
2026-09-04,S1,RAW,-13.0,100,0.9890511804706915,9610,0.9972769762243446,0.39163746026571034,28
2026-09-04,S1,RAW,-12.0,100,1.0975277615545738,10664,0.9972769762243446,0.4345912462303366,28
2026-09-04,S1,RAW,-11.0,100,1.218766293354207,11842,0.9972769762243446,0.4825984187790366,30
2026-09-04,S1,Lee 5x5,-15.0,100,0.7983423524361243,7757,0.9972769762243446,0.31612193332789956,9
2026-09-04,S1,Lee 5x5,-14.0,100,0.8619462681001084,8375,0.9972769762243446,0.341307360013041,12
2026-09-04,S1,Lee 5x5,-13.0,100,0.9559112761926933,9288,0.9972769762243446,0.37851495639416416,19
2026-09-04,S1,Lee 5x5,-12.0,100,1.0595506662794765,10295,0.9972769762243446,0.41955334583095605,18
2026-09-04,S1,Lee 5x5,-11.0,100,1.1892285525846868,11555,0.9972769762243446,0.47090227402396284,22
2026-09-04,S1,Lee 7x7,-15.0,100,0.7926818097799444,7702,0.9972769762243446,0.3138805118591572,10
2026-09-04,S1,Lee 7x7,-14.0,100,0.8576236718899347,8333,0.9972769762243446,0.3395957290732741,11
2026-09-04,S1,Lee 7x7,-13.0,100,0.9434580823490978,9167,0.9972769762243446,0.373583829162931,14
2026-09-04,S1,Lee 7x7,-12.0,100,1.048435418881887,10187,0.9972769762243446,0.4151520091286983,15
2026-09-04,S1,Lee 7x7,-11.0,100,1.1713206539996817,11381,0.9972769762243446,0.4638112315592143,21
2026-09-04,S1,RAW,-15.0,200,1.0098408098624791,9812,0.9970322740200321,0.3042291950886767,25
2026-09-04,S1,RAW,-14.0,200,1.1372544791052177,11050,0.9970322740200321,0.3426144115093638,34
2026-09-04,S1,RAW,-13.0,200,1.2627126881576394,12269,0.9970322740200321,0.38041051717722935,39
2026-09-04,S1,RAW,-12.0,200,1.4015503616701226,13618,0.9970322740200321,0.422237380627558,39
2026-09-04,S1,RAW,-11.0,200,1.5720870740572126,15275,0.9970322740200321,0.4736140394394146,38
2026-09-04,S1,Lee 5x5,-15.0,200,0.9901832890019275,9621,0.9970322740200321,0.2983070817313655,12
2026-09-04,S1,Lee 5x5,-14.0,200,1.0896030018359222,10587,0.9970322740200321,0.32825871263797596,19
2026-09-04,S1,Lee 5x5,-13.0,200,1.2155758056752692,11811,0.9970322740200321,0.36620984745132085,28
2026-09-04,S1,Lee 5x5,-12.0,200,1.3472091521707963,13090,0.9970322740200321,0.40586630286493863,24
2026-09-04,S1,Lee 5x5,-11.0,200,1.5274202465520845,14841,0.9970322740200321,0.460157509611807,28
2026-09-04,S1,Lee 7x7,-15.0,200,0.9805089070077293,9527,0.9970322740200321,0.2953925337963537,13
2026-09-04,S1,Lee 7x7,-14.0,200,1.0778702406940222,10473,0.9970322740200321,0.32472404812104677,17
2026-09-04,S1,Lee 7x7,-13.0,200,1.1992116914510405,11652,0.9970322740200321,0.3612799206250775,23
2026-09-04,S1,Lee 7x7,-12.0,200,1.3344472014550455,12966,0.9970322740200321,0.40202158005705074,23
2026-09-04,S1,Lee 7x7,-11.0,200,1.5024109399075083,14598,0.9970322740200321,0.4526230931415106,25
2026-08-23,S1,RAW,-15.0,0,0.5437208518654176,5283,0.9984841417910447,0.30847833703141425,18
2026-08-23,S1,RAW,-14.0,0,0.6474631609095859,6291,0.9984841417910447,0.3673362139437113,27
2026-08-23,S1,RAW,-13.0,0,0.7262990822665629,7057,0.9984841417910447,0.4120635291369847,19
2026-08-23,S1,RAW,-12.0,0,0.8136772770865023,7906,0.9984841417910447,0.4616372766553778,19
2026-08-23,S1,RAW,-11.0,0,0.9094948264120188,8837,0.9984841417910447,0.5159990657479855,17
2026-08-23,S1,Lee 5x5,-15.0,0,0.5312676580218221,5162,0.9984841417910447,0.3014130561719024,10
2026-08-23,S1,Lee 5x5,-14.0,0,0.6157641220349789,5983,0.9984841417910447,0.3493518626649539,14
2026-08-23,S1,Lee 5x5,-13.0,0,0.6973788552413533,6776,0.9984841417910447,0.3956557281326638,18
2026-08-23,S1,Lee 5x5,-12.0,0,0.7849628879760628,7627,0.9984841417910447,0.44534625715286696,13
2026-08-23,S1,Lee 5x5,-11.0,0,0.8857205472560636,8606,0.9984841417910447,0.5025108022889174,11
2026-08-23,S1,Lee 7x7,-15.0,0,0.5222107897719344,5074,0.9984841417910447,0.2962746700922574,5
2026-08-23,S1,Lee 7x7,-14.0,0,0.6034138471487684,5863,0.9984841417910447,0.34234497255634705,12
2026-08-23,S1,Lee 7x7,-13.0,0,0.6866752836733042,6672,0.9984841417910447,0.3895830900385379,17
2026-08-23,S1,Lee 7x7,-12.0,0,0.7819782382118954,7598,0.9984841417910447,0.4436529253766203,13
2026-08-23,S1,Lee 7x7,-11.0,0,0.8832504922788215,8582,0.9984841417910447,0.5011094242671961,11
2026-08-23,S1,RAW,-15.0,50,0.6667090059405972,6478,0.9983255991962876,0.3104274487253211,20
2026-08-23,S1,RAW,-14.0,50,0.7916526202060936,7692,0.9983255991962876,0.36860264519838987,29
2026-08-23,S1,RAW,-13.0,50,0.8801629235572689,8552,0.9983255991962876,0.4098140693885375,21
2026-08-23,S1,RAW,-12.0,50,0.9844198273883626,9565,0.9983255991962876,0.45835729346367643,28
2026-08-23,S1,RAW,-11.0,50,1.0958810582364125,10648,0.9983255991962876,0.5102549357868507,22
2026-08-23,S1,Lee 5x5,-15.0,50,0.6561083533299332,6375,0.9983255991962876,0.3054916618746406,12
2026-08-23,S1,Lee 5x5,-14.0,50,0.7572776884394743,7358,0.9983255991962876,0.352597278129193,16
2026-08-23,S1,Lee 5x5,-13.0,50,0.8491843173843575,8251,0.9983255991962876,0.3953900709219858,20
2026-08-23,S1,Lee 5x5,-12.0,50,0.9471631648149609,9203,0.9983255991962876,0.4410101590952655,17
2026-08-23,S1,Lee 5x5,-11.0,50,1.0641820193618055,10340,0.9983255991962876,0.4954954954954955,12
2026-08-23,S1,Lee 7x7,-15.0,50,0.6445814301028034,6263,0.9983255991962876,0.3001245926777842,6
2026-08-23,S1,Lee 7x7,-14.0,50,0.7408106552578603,7198,0.9983255991962876,0.3449300364193981,14
2026-08-23,S1,Lee 7x7,-13.0,50,0.8381719889441531,8144,0.9983255991962876,0.3902626030285605,19
2026-08-23,S1,Lee 7x7,-12.0,50,0.9421201359030916,9154,0.9983255991962876,0.4386620663216408,16
2026-08-23,S1,Lee 7x7,-11.0,50,1.0609915316828678,10309,0.9983255991962876,0.4940099674142227,12
2026-08-23,S1,RAW,-15.0,100,0.7714805045586164,7496,0.998536882747409,0.3050999226667752,22
2026-08-23,S1,RAW,-14.0,100,0.9156699638551241,8897,0.998536882747409,0.36212300052912205,31
2026-08-23,S1,RAW,-13.0,100,1.0199268676862179,9910,0.998536882747409,0.4033538198542879,27
2026-08-23,S1,RAW,-12.0,100,1.1451792388238693,11127,0.998536882747409,0.45288778542065206,33
2026-08-23,S1,RAW,-11.0,100,1.2725929080666079,12365,0.998536882747409,0.5032764866294924,22
2026-08-23,S1,Lee 5x5,-15.0,100,0.760365257161027,7388,0.998536882747409,0.3007041393626114,13
2026-08-23,S1,Lee 5x5,-14.0,100,0.875634489432325,8508,0.998536882747409,0.3462900402946803,16
2026-08-23,S1,Lee 5x5,-13.0,100,0.9811264207520398,9533,0.998536882747409,0.38800927998697543,22
2026-08-23,S1,Lee 5x5,-12.0,100,1.0975277615545738,10664,0.998536882747409,0.43404289958891284,19
2026-08-23,S1,Lee 5x5,-11.0,100,1.2380121383852183,12029,0.998536882747409,0.4896007163498718,16
2026-08-23,S1,Lee 7x7,-15.0,100,0.7494558476782077,7282,0.998536882747409,0.2963897594529692,8
2026-08-23,S1,Lee 7x7,-14.0,100,0.8593732941654812,8350,0.998536882747409,0.33985917212747774,14
2026-08-23,S1,Lee 7x7,-13.0,100,0.9688790648232144,9414,0.998536882747409,0.38316577801294316,20
2026-08-23,S1,Lee 7x7,-12.0,100,1.0920730568131642,10611,0.998536882747409,0.43188570963409173,21
2026-08-23,S1,Lee 7x7,-11.0,100,1.2300873786665667,11952,0.998536882747409,0.48646668566079204,14
2026-08-23,S1,RAW,-15.0,200,0.9652769013147363,9379,0.9985779646345987,0.2903535384805894,31
2026-08-23,S1,RAW,-14.0,200,1.1546477829032975,11219,0.9985779646345987,0.3473159556683797,41
2026-08-23,S1,RAW,-13.0,200,1.2970876199242587,12603,0.9985779646345987,0.3901615999009349,37
2026-08-23,S1,RAW,-12.0,200,1.4653601152488769,14238,0.9985779646345987,0.44077766082595504,43
2026-08-23,S1,RAW,-11.0,200,1.6514375902011151,16046,0.9985779646345987,0.49674942728004456,30
2026-08-23,S1,Lee 5x5,-15.0,200,0.9445901908803337,9178,0.9985779646345987,0.2841310135595319,22
2026-08-23,S1,Lee 5x5,-14.0,200,1.0956752203216422,10646,0.9985779646345987,0.3295771159680515,23
2026-08-23,S1,Lee 5x5,-13.0,200,1.2427464104249324,12075,0.9985779646345987,0.3738158627948734,30
2026-08-23,S1,Lee 5x5,-12.0,200,1.406696309539377,13668,0.9985779646345987,0.42313169463191136,28
2026-08-23,S1,Lee 5x5,-11.0,200,1.6040948698039748,15586,0.9985779646345987,0.482508822983097,22
2026-08-23,S1,Lee 7x7,-15.0,200,0.9306961316333469,9043,0.9985779646345987,0.2799517057767321,17
2026-08-23,S1,Lee 7x7,-14.0,200,1.0737534823986186,10433,0.9985779646345987,0.32298309702185624,20
2026-08-23,S1,Lee 7x7,-13.0,200,1.2261764582859334,11914,0.9985779646345987,0.36883165129094175,27
2026-08-23,S1,Lee 7x7,-12.0,200,1.396198575886098,13566,0.9985779646345987,0.4199739954182404,29
2026-08-23,S1,Lee 7x7,-11.0,200,1.5905095674291432,15454,0.9985779646345987,0.47842238870658166,21
2026-08-11,S1,RAW,-15.0,0,0.5591586954731808,5433,0.9986007462686567,0.3171999065857076,15
2026-08-11,S1,RAW,-14.0,0,0.6610484632844175,6423,0.9986007462686567,0.375,16
2026-08-11,S1,RAW,-13.0,0,0.7393697898544691,7184,0.9986007462686567,0.4194301728164409,21
2026-08-11,S1,RAW,-12.0,0,0.8326143652453585,8090,0.9986007462686567,0.4723260158804297,16
2026-08-11,S1,RAW,-11.0,0,0.9225655339999249,8964,0.9986007462686567,0.5233535730966838,16
2026-08-11,S1,Lee 5x5,-15.0,0,0.5553506940499325,5396,0.9986007462686567,0.3150397010742644,9
2026-08-11,S1,Lee 5x5,-14.0,0,0.6359362376824561,6179,0.9986007462686567,0.3607543204110229,17
2026-08-11,S1,Lee 5x5,-13.0,0,0.7179626467183708,6976,0.9986007462686567,0.40728631480616534,13
2026-08-11,S1,Lee 5x5,-12.0,0,0.8096634377484839,7867,0.9986007462686567,0.45930639887902847,11
2026-08-11,S1,Lee 5x5,-11.0,0,0.895600767165032,8702,0.9986007462686567,0.5080569827183559,10
2026-08-11,S1,Lee 7x7,-15.0,0,0.5505135030528334,5349,0.9986007462686567,0.312295656235404,7
2026-08-11,S1,Lee 7x7,-14.0,0,0.6270852073473385,6093,0.9986007462686567,0.35573330219523586,14
2026-08-11,S1,Lee 7x7,-13.0,0,0.7037598305992288,6838,0.9986007462686567,0.3992293320878094,9
2026-08-11,S1,Lee 7x7,-12.0,0,0.7973131628622734,7747,0.9986007462686567,0.45230032695002337,12
2026-08-11,S1,Lee 7x7,-11.0,0,0.8927190363582496,8674,0.9986007462686567,0.506422232601588,10
2026-08-11,S1,RAW,-15.0,50,0.683999390781292,6646,0.998421279242214,0.3184475323430762,17
2026-08-11,S1,RAW,-14.0,50,0.8020474349019874,7793,0.998421279242214,0.37340680402491616,20
2026-08-11,S1,RAW,-13.0,50,0.8954978482076469,8701,0.998421279242214,0.4169142309535218,25
2026-08-11,S1,RAW,-12.0,50,1.0056211326096907,9771,0.998421279242214,0.46818399616674655,23
2026-08-11,S1,RAW,-11.0,50,1.114303551608343,10827,0.998421279242214,0.5187829420220412,23
2026-08-11,S1,Lee 5x5,-15.0,50,0.6802943083154288,6610,0.998421279242214,0.3167225682798275,11
2026-08-11,S1,Lee 5x5,-14.0,50,0.7762147765983305,7542,0.998421279242214,0.36137997125059895,19
2026-08-11,S1,Lee 5x5,-13.0,50,0.8689447572022944,8443,0.998421279242214,0.4045519885002396,15
2026-08-11,S1,Lee 5x5,-12.0,50,0.9706286870987608,9431,0.998421279242214,0.4518926689027312,14
2026-08-11,S1,Lee 5x5,-11.0,50,1.0794140250547983,10488,0.998421279242214,0.5025395304264495,17
2026-08-11,S1,Lee 7x7,-15.0,50,0.6752512794035596,6561,0.998421279242214,0.31437470052707234,9
2026-08-11,S1,Lee 7x7,-14.0,50,0.7676725031353682,7459,0.998421279242214,0.3574029707714423,16
2026-08-11,S1,Lee 7x7,-13.0,50,0.8542273462962269,8300,0.998421279242214,0.39770004791566843,11
2026-08-11,S1,Lee 7x7,-12.0,50,0.9547791676614574,9277,0.998421279242214,0.44451365596550074,15
2026-08-11,S1,Lee 7x7,-11.0,50,1.0738564013560037,10434,0.998421279242214,0.49995208433157645,15
2026-08-11,S1,RAW,-15.0,100,0.793299323524255,7708,0.9984555984555985,0.3137542231448691,18
2026-08-11,S1,RAW,-14.0,100,0.9279173197839495,9016,0.9984555984555985,0.36699637725404,23
2026-08-11,S1,RAW,-13.0,100,1.0384522800155336,10090,0.9984555984555985,0.4107135588390931,31
2026-08-11,S1,RAW,-12.0,100,1.1651455165565763,11321,0.9984555984555985,0.4608214271176782,27
2026-08-11,S1,RAW,-11.0,100,1.2906037256089982,12540,0.9984555984555985,0.5104408352668214,25
2026-08-11,S1,Lee 5x5,-15.0,100,0.786300834422069,7640,0.9984555984555985,0.31098628241136483,12
2026-08-11,S1,Lee 5x5,-14.0,100,0.8930277932304048,8677,0.9984555984555985,0.3531973785973053,19
2026-08-11,S1,Lee 5x5,-13.0,100,1.0065474032261563,9780,0.9984555984555985,0.39809500549517646,19
2026-08-11,S1,Lee 5x5,-12.0,100,1.127168421281479,10952,0.9984555984555985,0.4458012781373387,17
2026-08-11,S1,Lee 5x5,-11.0,100,1.25180327867482,12163,0.9984555984555985,0.49509504620018724,18
2026-08-11,S1,Lee 7x7,-15.0,100,0.7820811571692804,7599,0.9984555984555985,0.3093173769691049,9
2026-08-11,S1,Lee 7x7,-14.0,100,0.8848971955969829,8598,0.9984555984555985,0.3499816827451459,16
2026-08-11,S1,Lee 7x7,-13.0,100,0.9877132340246854,9597,0.9984555984555985,0.390645988521187,13
2026-08-11,S1,Lee 7x7,-12.0,100,1.1079225762504676,10765,0.9984555984555985,0.4381894411202019,18
2026-08-11,S1,Lee 7x7,-11.0,100,1.2450106274874042,12097,0.9984555984555985,0.4924085154882566,15
2026-08-11,S1,RAW,-15.0,200,0.9887424235985363,9607,0.9985470508223074,0.2974211324726789,26
2026-08-11,S1,RAW,-14.0,200,1.1642192459401106,11312,0.9985470508223074,0.3502058759790719,35
2026-08-11,S1,RAW,-13.0,200,1.313966328935413,12767,0.9985470508223074,0.3952509210241169,47
2026-08-11,S1,RAW,-12.0,200,1.4862526635980495,14441,0.9985470508223074,0.44707594192130273,40
2026-08-11,S1,RAW,-11.0,200,1.6591565120049967,16121,0.9985470508223074,0.4990867155815609,41
2026-08-11,S1,Lee 5x5,-15.0,200,0.9691878216953697,9417,0.9985470508223074,0.29153896164205445,19
2026-08-11,S1,Lee 5x5,-14.0,200,1.1123480914180264,10808,0.9985470508223074,0.3346026438809944,27
2026-08-11,S1,Lee 5x5,-13.0,200,1.261168903796863,12254,0.9985470508223074,0.37936905978143093,29
2026-08-11,S1,Lee 5x5,-12.0,200,1.4228545858488357,13825,0.9985470508223074,0.4280053249125414,28
2026-08-11,S1,Lee 5x5,-11.0,200,1.6012131389971924,15558,0.9985470508223074,0.48165691464660537,31
2026-08-11,S1,Lee 7x7,-15.0,200,0.9586900880420907,9315,0.9985470508223074,0.28838116466982444,15
2026-08-11,S1,Lee 7x7,-14.0,200,1.0980423563414994,10669,0.9985470508223074,0.3302993715364849,23
2026-08-11,S1,Lee 7x7,-13.0,200,1.2369829488113675,12019,0.9985470508223074,0.37209374322776384,20
2026-08-11,S1,Lee 7x7,-12.0,200,1.401035766883197,13613,0.9985470508223074,0.42144206061731837,30
2026-08-11,S1,Lee 7x7,-11.0,200,1.5873190797502055,15423,0.9985470508223074,0.4774774774774775,24
