sensor,date,product_id,orbit,polarization,mode,cloud_pct,aoi_valid_pct,lake_valid_pct,status
Sentinel-1,2026-09-28,S1D_IW_GRDH_1SDV_20260928T121313_20260928T121338_004778_008F55_1667_COG,Ascending (Rel 12),VV+VH,IW,,98.8,100.0,USABLE
Sentinel-1,2026-09-16,S1D_IW_GRDH_1SDV_20260916T121313_20260916T121338_004603_008949_F1C8_COG,Ascending (Rel 12),VV+VH,IW,,98.5,100.0,USABLE
Sentinel-1,2026-09-04,S1D_IW_GRDH_1SDV_20260904T121313_20260904T121338_004428_00833E_9092_COG,Ascending (Rel 12),VV+VH,IW,,98.1,100.0,USABLE
Sentinel-1,2026-08-23,S1D_IW_GRDH_1SDV_20260823T121313_20260823T121338_004253_007D19_461D_COG,Ascending (Rel 12),VV+VH,IW,,98.2,100.0,USABLE
Sentinel-1,2026-08-11,S1D_IW_GRDH_1SDV_20260811T121312_20260811T121337_004078_0076F9_676B_COG,Ascending (Rel 12),VV+VH,IW,,98.4,100.0,USABLE
Sentinel-2,2026-09-28,S2C_MSIL2A_20260928T044701_N0513_R076_T45RVL_20260928T075011,Relative 76 (Tile 45RVL),"Optical (B03,B04,B08,B11,SCL)",MSI L2A,6.13,100.0,100.0,USABLE
Sentinel-2,2026-09-08,S2C_MSIL2A_20260908T044701_N0512_R076_T45RVL_20260908T094920,Relative 76 (Tile 45RVL),"Optical (B03,B04,B08,B11,SCL)",MSI L2A,65.73,74.2,90.2,USABLE
Sentinel-2,2026-05-11,S2C_MSIL2A_20260511T044701_N0512_R076_T45RVL_20260511T080826,Relative 76 (Tile 45RVL),"Optical (B03,B04,B08,B11,SCL)",MSI L2A,35.42,82.5,100.0,USABLE
Sentinel-2,2026-04-21,S2C_MSIL2A_20260421T044701_N0512_R076_T45RVL_20260421T080124,Relative 76 (Tile 45RVL),"Optical (B03,B04,B08,B11,SCL)",MSI L2A,3.79,100.0,100.0,USABLE
Sentinel-2,2026-04-16,S2B_MSIL2A_20260416T044659_N0512_R076_T45RVL_20260416T083210,Relative 76 (Tile 45RVL),"Optical (B03,B04,B08,B11,SCL)",MSI L2A,25.72,98.4,100.0,USABLE
